#
# There is insufficient memory for the Java Runtime Environment to continue.
# Native memory allocation (mmap) failed to map 1358954496 bytes for G1 virtual space
# Possible reasons:
#   The system is out of physical RAM or swap space
#   The process is running with CompressedOops enabled, and the Java Heap may be blocking the growth of the native heap
# Possible solutions:
#   Reduce memory load on the system
#   Increase physical memory or swap space
#   Check if swap backing store is full
#   Decrease Java heap size (-Xmx/-Xms)
#   Decrease number of Java threads
#   Decrease Java thread stack sizes (-Xss)
#   Set larger code cache with -XX:ReservedCodeCacheSize=
#   JVM is running with Zero Based Compressed Oops mode in which the Java heap is
#     placed in the first 32GB address space. The Java Heap base address is the
#     maximum limit for the native heap growth. Please use -XX:HeapBaseMinAddress
#     to set the Java Heap base and to place the Java Heap above 32GB virtual address.
# This output file may be truncated or incomplete.
#
#  Out of Memory Error (os_windows.cpp:3548), pid=21640, tid=22864
#
# JRE version: Java(TM) SE Runtime Environment (17.0.12+8) (build 17.0.12+8-LTS-286)
# Java VM: Java HotSpot(TM) 64-Bit Server VM (17.0.12+8-LTS-286, mixed mode, emulated-client, sharing, tiered, compressed oops, compressed class ptrs, g1 gc, windows-amd64)
# No core dump will be written. Minidumps are not enabled by default on client versions of Windows
#

---------------  S U M M A R Y ------------

Command Line: -agentlib:jdwp=transport=dt_socket,address=127.0.0.1:52867,suspend=y,server=n -javaagent:C:\Users\souha\AppData\Local\JetBrains\IntelliJIdea2026.1\captureAgent\debugger-agent.jar=file:///C:/Users/souha/AppData/Local/Temp/capture7818736765974691793.props -agentpath:C:\Users\souha\AppData\Local\Temp\idea_libasyncProfiler_dll_temp_folder\libasyncProfiler.dll=version,jfr,event=wall,interval=10ms,cstack=no,file=C:\Users\souha\IdeaSnapshots\RadioManagementApplication_2026_05_23_010512.jfr,dbghelppath=C:\Users\souha\AppData\Local\Temp\idea_dbghelp_dll_temp_folder\dbghelp.dll,log=C:\Users\souha\AppData\Local\Temp\RadioManagementApplication_2026_05_23_010512.jfr.log.txt,logLevel=DEBUG -XX:TieredStopAtLevel=1 -Dspring.output.ansi.enabled=always -Dcom.sun.management.jmxremote -Dspring.jmx.enabled=true -Dspring.liveBeansView.mbeanDomain -Dspring.application.admin.enabled=true -Dmanagement.endpoints.jmx.exposure.include=* -Dkotlinx.coroutines.debug.enable.creation.stack.trace=false -Ddebugger.agent.enable.coroutines=true -Dkotlinx.coroutines.debug.enable.flows.stack.trace=true -Dkotlinx.coroutines.debug.enable.mutable.state.flows.stack.trace=true -Ddebugger.async.stack.trace.for.all.threads=true -Dfile.encoding=UTF-8 com.geolocation.radiomanagement.RadioManagementApplication

Host: AMD Ryzen 7 5800HS with Radeon Graphics        , 16 cores, 15G,  Windows 11 , 64 bit Build 26100 (10.0.26100.8474)
Time: Sat May 23 01:11:55 2026 W. Central Africa Standard Time elapsed time: 402.274863 seconds (0d 0h 6m 42s)

---------------  T H R E A D  ---------------

Current thread (0x000002335efcc4d0):  VMThread "VM Thread" [stack: 0x000000bb7f500000,0x000000bb7f600000] [id=22864]

Stack: [0x000000bb7f500000,0x000000bb7f600000]
Native frames: (J=compiled Java code, j=interpreted, Vv=VM code, C=native code)
V  [jvm.dll+0x67a04a]
V  [jvm.dll+0x7da4ed]
V  [jvm.dll+0x7dbe33]
V  [jvm.dll+0x7dc4a3]
V  [jvm.dll+0x24508f]
V  [jvm.dll+0x677089]
V  [jvm.dll+0x66bd32]
V  [jvm.dll+0x301fa6]
V  [jvm.dll+0x309546]
V  [jvm.dll+0x359d2e]
V  [jvm.dll+0x359f5f]
V  [jvm.dll+0x2d9078]
V  [jvm.dll+0x2d74ad]
V  [jvm.dll+0x2d6afc]
V  [jvm.dll+0x31a65b]
V  [jvm.dll+0x7e0d9b]
V  [jvm.dll+0x7e1ad4]
V  [jvm.dll+0x7e1fed]
V  [jvm.dll+0x7e23c4]
V  [jvm.dll+0x7e2490]
V  [jvm.dll+0x78abea]
V  [jvm.dll+0x678f35]
C  [ucrtbase.dll+0x2cd30]
C  [KERNEL32.DLL+0x2e957]
C  [ntdll.dll+0x87c1c]

VM_Operation (0x000000bb01afe700): G1CollectForAllocation, mode: safepoint, requested by thread 0x000002336a7c4ab0


---------------  P R O C E S S  ---------------

Threads class SMR info:
_java_thread_list=0x000002336bc8d7f0, length=63, elements={
0x000002335efd37b0, 0x000002335efd6a30, 0x000002335eff1b20, 0x000002335eff2000,
0x000002335eff3430, 0x000002335eff96c0, 0x000002335f007e50, 0x000002335f018360,
0x000002335f07a840, 0x000002335f244a40, 0x000002335f222240, 0x000002335f246f40,
0x000002335f404590, 0x000002335f4547b0, 0x000002335fac5a30, 0x00000233645531a0,
0x0000023364550920, 0x0000023367a03ac0, 0x0000023367a01c60, 0x0000023367a030a0,
0x000002336811d9c0, 0x000002336811c580, 0x000002336a7c4ab0, 0x000002336a7c4fc0,
0x000002336a7c1810, 0x000002336a7c7330, 0x000002336a7c6910, 0x000002336a7c8770,
0x000002336a7c54d0, 0x000002336a7c8c80, 0x000002336a7c5ef0, 0x000002336a7c7840,
0x000002336a7c9bb0, 0x000002336a7c9190, 0x000002336a7c96a0, 0x000002336a7c7d50,
0x000002336a7cf6d0, 0x0000023368e25ef0, 0x000002336a7cbf20, 0x000002336b4adb90,
0x000002336b4ad680, 0x000002336b4ab820, 0x000002336b4ad170, 0x000002336b4acc60,
0x000002336b4abd30, 0x000002336b4ac240, 0x000002336b4ae0a0, 0x000002336b4aa8f0,
0x000002336b4ae5b0, 0x000002336b4ac750, 0x000002336b4aae00, 0x000002336b4aeac0,
0x000002336b4ab310, 0x000002336b4b0920, 0x000002336b4af9f0, 0x000002336b4b3bc0,
0x000002336b4b6e60, 0x000002336b4b8cc0, 0x000002336b4b91d0, 0x000002336b4b87b0,
0x000002336b4b36b0, 0x000002336b4b9bf0, 0x000002336b4b82a0
}

Java Threads: ( => current thread )
  0x000002335efd37b0 JavaThread "Reference Handler" daemon [_thread_blocked, id=32928, stack(0x000000bb7f600000,0x000000bb7f700000)]
  0x000002335efd6a30 JavaThread "Finalizer" daemon [_thread_blocked, id=9156, stack(0x000000bb7f700000,0x000000bb7f800000)]
  0x000002335eff1b20 JavaThread "Signal Dispatcher" daemon [_thread_blocked, id=33892, stack(0x000000bb7f800000,0x000000bb7f900000)]
  0x000002335eff2000 JavaThread "Attach Listener" daemon [_thread_blocked, id=34756, stack(0x000000bb7f900000,0x000000bb7fa00000)]
  0x000002335eff3430 JavaThread "Service Thread" daemon [_thread_blocked, id=24888, stack(0x000000bb7fa00000,0x000000bb7fb00000)]
  0x000002335eff96c0 JavaThread "Monitor Deflation Thread" daemon [_thread_blocked, id=32968, stack(0x000000bb7fb00000,0x000000bb7fc00000)]
  0x000002335f007e50 JavaThread "C1 CompilerThread0" daemon [_thread_blocked, id=25924, stack(0x000000bb7fc00000,0x000000bb7fd00000)]
  0x000002335f018360 JavaThread "Sweeper thread" daemon [_thread_blocked, id=24104, stack(0x000000bb7fd00000,0x000000bb7fe00000)]
  0x000002335f07a840 JavaThread "Common-Cleaner" daemon [_thread_blocked, id=22372, stack(0x000000bb7fe00000,0x000000bb7ff00000)]
  0x000002335f244a40 JavaThread "JDWP Transport Listener: dt_socket" daemon [_thread_blocked, id=27144, stack(0x000000bb00100000,0x000000bb00200000)]
  0x000002335f222240 JavaThread "JDWP Event Helper Thread" daemon [_thread_blocked, id=33452, stack(0x000000bb00200000,0x000000bb00300000)]
  0x000002335f246f40 JavaThread "JDWP Command Reader" daemon [_thread_in_native, id=23496, stack(0x000000bb00300000,0x000000bb00400000)]
  0x000002335f404590 JavaThread "IntelliJ Suspend Helper" daemon [_thread_blocked, id=19324, stack(0x000000bb00400000,0x000000bb00500000)]
  0x000002335f4547b0 JavaThread "Notification Thread" daemon [_thread_blocked, id=23812, stack(0x000000bb00500000,0x000000bb00600000)]
  0x000002335fac5a30 JavaThread "CoarseTimer" daemon [_thread_blocked, id=33864, stack(0x000000bb00600000,0x000000bb00700000)]
  0x00000233645531a0 JavaThread "RMI TCP Accept-0" daemon [_thread_in_native, id=33124, stack(0x000000bb01300000,0x000000bb01400000)]
  0x0000023364550920 JavaThread "RMI Scheduler(0)" daemon [_thread_blocked, id=15024, stack(0x000000bb01700000,0x000000bb01800000)]
  0x0000023367a03ac0 JavaThread "Catalina-utility-1" [_thread_blocked, id=25920, stack(0x000000bb01f00000,0x000000bb02000000)]
  0x0000023367a01c60 JavaThread "Catalina-utility-2" [_thread_blocked, id=29128, stack(0x000000bb02000000,0x000000bb02100000)]
  0x0000023367a030a0 JavaThread "container-0" [_thread_blocked, id=23508, stack(0x000000bb02100000,0x000000bb02200000)]
  0x000002336811d9c0 JavaThread "Cleaner-0" daemon [_thread_blocked, id=6396, stack(0x000000bb02300000,0x000000bb02400000)]
  0x000002336811c580 JavaThread "HikariPool-1:housekeeper" daemon [_thread_blocked, id=30420, stack(0x000000bb02400000,0x000000bb02500000)]
  0x000002336a7c4ab0 JavaThread "File Watcher" daemon [_thread_blocked, id=9000, stack(0x000000bb01a00000,0x000000bb01b00000)]
  0x000002336a7c4fc0 JavaThread "http-nio-8081-exec-1" daemon [_thread_blocked, id=30608, stack(0x000000bb01c00000,0x000000bb01d00000)]
  0x000002336a7c1810 JavaThread "http-nio-8081-exec-2" daemon [_thread_blocked, id=29528, stack(0x000000bb02600000,0x000000bb02700000)]
  0x000002336a7c7330 JavaThread "http-nio-8081-exec-3" daemon [_thread_blocked, id=31624, stack(0x000000bb02700000,0x000000bb02800000)]
  0x000002336a7c6910 JavaThread "http-nio-8081-exec-4" daemon [_thread_blocked, id=10592, stack(0x000000bb02800000,0x000000bb02900000)]
  0x000002336a7c8770 JavaThread "http-nio-8081-exec-5" daemon [_thread_blocked, id=28508, stack(0x000000bb02900000,0x000000bb02a00000)]
  0x000002336a7c54d0 JavaThread "http-nio-8081-exec-6" daemon [_thread_blocked, id=28176, stack(0x000000bb02a00000,0x000000bb02b00000)]
  0x000002336a7c8c80 JavaThread "http-nio-8081-exec-7" daemon [_thread_blocked, id=6632, stack(0x000000bb02b00000,0x000000bb02c00000)]
  0x000002336a7c5ef0 JavaThread "http-nio-8081-exec-8" daemon [_thread_blocked, id=30492, stack(0x000000bb02c00000,0x000000bb02d00000)]
  0x000002336a7c7840 JavaThread "http-nio-8081-exec-9" daemon [_thread_blocked, id=33252, stack(0x000000bb02d00000,0x000000bb02e00000)]
  0x000002336a7c9bb0 JavaThread "http-nio-8081-exec-10" daemon [_thread_blocked, id=23100, stack(0x000000bb02e00000,0x000000bb02f00000)]
  0x000002336a7c9190 JavaThread "http-nio-8081-Poller" daemon [_thread_blocked, id=1240, stack(0x000000bb02f00000,0x000000bb03000000)]
  0x000002336a7c96a0 JavaThread "http-nio-8081-Acceptor" daemon [_thread_in_native, id=25876, stack(0x000000bb03000000,0x000000bb03100000)]
  0x000002336a7c7d50 JavaThread "DestroyJavaVM" [_thread_blocked, id=28816, stack(0x000000bb7ef00000,0x000000bb7f000000)]
  0x000002336a7cf6d0 JavaThread "parallel-1" daemon [_thread_blocked, id=34720, stack(0x000000bb00000000,0x000000bb00100000)]
  0x0000023368e25ef0 JavaThread "reactor-http-nio-1" daemon [_thread_blocked, id=12788, stack(0x000000bb01600000,0x000000bb01700000)]
  0x000002336a7cbf20 JavaThread "reactor-http-nio-2" daemon [_thread_blocked, id=24308, stack(0x000000bb03100000,0x000000bb03200000)]
  0x000002336b4adb90 JavaThread "reactor-http-nio-3" daemon [_thread_blocked, id=30408, stack(0x000000bb03200000,0x000000bb03300000)]
  0x000002336b4ad680 JavaThread "reactor-http-nio-4" daemon [_thread_blocked, id=2648, stack(0x000000bb03300000,0x000000bb03400000)]
  0x000002336b4ab820 JavaThread "reactor-http-nio-5" daemon [_thread_blocked, id=23620, stack(0x000000bb03500000,0x000000bb03600000)]
  0x000002336b4ad170 JavaThread "reactor-http-nio-6" daemon [_thread_blocked, id=27408, stack(0x000000bb03600000,0x000000bb03700000)]
  0x000002336b4acc60 JavaThread "reactor-http-nio-7" daemon [_thread_blocked, id=34324, stack(0x000000bb03700000,0x000000bb03800000)]
  0x000002336b4abd30 JavaThread "reactor-http-nio-8" daemon [_thread_blocked, id=9456, stack(0x000000bb03800000,0x000000bb03900000)]
  0x000002336b4ac240 JavaThread "reactor-http-nio-9" daemon [_thread_blocked, id=29180, stack(0x000000bb03900000,0x000000bb03a00000)]
  0x000002336b4ae0a0 JavaThread "reactor-http-nio-10" daemon [_thread_blocked, id=24384, stack(0x000000bb03a00000,0x000000bb03b00000)]
  0x000002336b4aa8f0 JavaThread "reactor-http-nio-11" daemon [_thread_blocked, id=31620, stack(0x000000bb03b00000,0x000000bb03c00000)]
  0x000002336b4ae5b0 JavaThread "reactor-http-nio-12" daemon [_thread_blocked, id=17968, stack(0x000000bb03c00000,0x000000bb03d00000)]
  0x000002336b4ac750 JavaThread "reactor-http-nio-13" daemon [_thread_blocked, id=28152, stack(0x000000bb03d00000,0x000000bb03e00000)]
  0x000002336b4aae00 JavaThread "reactor-http-nio-14" daemon [_thread_blocked, id=24560, stack(0x000000bb03e00000,0x000000bb03f00000)]
  0x000002336b4aeac0 JavaThread "reactor-http-nio-15" daemon [_thread_blocked, id=24184, stack(0x000000bb03f00000,0x000000bb04000000)]
  0x000002336b4ab310 JavaThread "reactor-http-nio-16" daemon [_thread_blocked, id=30212, stack(0x000000bb04000000,0x000000bb04100000)]
  0x000002336b4b0920 JavaThread "Thread-21" daemon [_thread_in_native, id=33856, stack(0x000000bb04100000,0x000000bb04200000)]
  0x000002336b4af9f0 JavaThread "boundedElastic-evictor-1" daemon [_thread_blocked, id=34748, stack(0x000000bb04c00000,0x000000bb04d00000)]
  0x000002336b4b3bc0 JavaThread "parallel-2" daemon [_thread_blocked, id=21076, stack(0x000000bb04e00000,0x000000bb04f00000)]
  0x000002336b4b6e60 JavaThread "parallel-3" daemon [_thread_blocked, id=22872, stack(0x000000bb04400000,0x000000bb04500000)]
  0x000002336b4b8cc0 JavaThread "parallel-4" daemon [_thread_blocked, id=34456, stack(0x000000bb01900000,0x000000bb01a00000)]
  0x000002336b4b91d0 JavaThread "boundedElastic-2" daemon [_thread_blocked, id=18776, stack(0x000000bb01b00000,0x000000bb01c00000)]
  0x000002336b4b87b0 JavaThread "parallel-5" daemon [_thread_blocked, id=8676, stack(0x000000bb01500000,0x000000bb01600000)]
  0x000002336b4b36b0 JavaThread "boundedElastic-3" daemon [_thread_blocked, id=10628, stack(0x000000bb02200000,0x000000bb02300000)]
  0x000002336b4b9bf0 JavaThread "task-17" [_thread_blocked, id=32644, stack(0x000000bb03400000,0x000000bb03500000)]
  0x000002336b4b82a0 JavaThread "task-18" [_thread_blocked, id=30616, stack(0x000000bb01800000,0x000000bb01900000)]

Other Threads:
=>0x000002335efcc4d0 VMThread "VM Thread" [stack: 0x000000bb7f500000,0x000000bb7f600000] [id=22864]
  0x000002335f3a95c0 WatcherThread [stack: 0x000000bb01400000,0x000000bb01500000] [id=26456]
  0x000002334ee49fd0 GCTaskThread "GC Thread#0" [stack: 0x000000bb7f000000,0x000000bb7f100000] [id=10636]
  0x000002336449d150 GCTaskThread "GC Thread#1" [stack: 0x000000bb00700000,0x000000bb00800000] [id=2992]
  0x000002336449d990 GCTaskThread "GC Thread#2" [stack: 0x000000bb00800000,0x000000bb00900000] [id=20864]
  0x000002336449e490 GCTaskThread "GC Thread#3" [stack: 0x000000bb00900000,0x000000bb00a00000] [id=12612]
  0x000002336449dc50 GCTaskThread "GC Thread#4" [stack: 0x000000bb00a00000,0x000000bb00b00000] [id=28812]
  0x000002336449d410 GCTaskThread "GC Thread#5" [stack: 0x000000bb00b00000,0x000000bb00c00000] [id=32132]
  0x000002336449d6d0 GCTaskThread "GC Thread#6" [stack: 0x000000bb00c00000,0x000000bb00d00000] [id=23676]
  0x000002336449e1d0 GCTaskThread "GC Thread#7" [stack: 0x000000bb00d00000,0x000000bb00e00000] [id=34240]
  0x000002336449df10 GCTaskThread "GC Thread#8" [stack: 0x000000bb00e00000,0x000000bb00f00000] [id=24832]
  0x000002336449e750 GCTaskThread "GC Thread#9" [stack: 0x000000bb00f00000,0x000000bb01000000] [id=27544]
  0x000002336449ea10 GCTaskThread "GC Thread#10" [stack: 0x000000bb01000000,0x000000bb01100000] [id=18576]
  0x000002336449ecd0 GCTaskThread "GC Thread#11" [stack: 0x000000bb01100000,0x000000bb01200000] [id=15472]
  0x00000233644e9db0 GCTaskThread "GC Thread#12" [stack: 0x000000bb01200000,0x000000bb01300000] [id=11528]
  0x000002334ee5a510 ConcurrentGCThread "G1 Main Marker" [stack: 0x000000bb7f100000,0x000000bb7f200000] [id=30156]
  0x000002334ee5d110 ConcurrentGCThread "G1 Conc#0" [stack: 0x000000bb7f200000,0x000000bb7f300000] [id=29252]
  0x00000233644ea5f0 ConcurrentGCThread "G1 Conc#1" [stack: 0x000000bb01d00000,0x000000bb01e00000] [id=7428]
  0x00000233644ea8b0 ConcurrentGCThread "G1 Conc#2" [stack: 0x000000bb01e00000,0x000000bb01f00000] [id=26312]
  0x000002334ef4bff0 ConcurrentGCThread "G1 Refine#0" [stack: 0x000000bb7f300000,0x000000bb7f400000] [id=34608]
  0x000002336b0c6230 ConcurrentGCThread "G1 Refine#1" [stack: 0x000000bb04500000,0x000000bb04600000] [id=6620]
  0x000002336b0c3ef0 ConcurrentGCThread "G1 Refine#2" [stack: 0x000000bb04600000,0x000000bb04700000] [id=10556]
  0x000002336b0c2d50 ConcurrentGCThread "G1 Refine#3" [stack: 0x000000bb04700000,0x000000bb04800000] [id=24020]
  0x000002334ef4c2e0 ConcurrentGCThread "G1 Service" [stack: 0x000000bb7f400000,0x000000bb7f500000] [id=16460]

Threads with active compile tasks:

VM state: at safepoint (normal execution)

VM Mutex/Monitor currently owned by a thread:  ([mutex/lock_event])
[0x000002334edd3110] Threads_lock - owner thread: 0x000002335efcc4d0
[0x000002334edd3b30] Heap_lock - owner thread: 0x000002336a7c4ab0

Heap address: 0x0000000709800000, size: 3944 MB, Compressed Oops mode: Zero based, Oop shift amount: 3

CDS archive(s) mapped at: [0x0000023300000000-0x0000023300bd0000-0x0000023300bd0000), size 12386304, SharedBaseAddress: 0x0000023300000000, ArchiveRelocationMode: 1.
Compressed class space mapped at: 0x0000023301000000-0x0000023341000000, reserved size: 1073741824
Narrow klass base: 0x0000023300000000, Narrow klass shift: 0, Narrow klass range: 0x100000000

GC Precious Log:
 CPUs: 16 total, 16 available
 Memory: 15773M
 Large Page Support: Disabled
 NUMA Support: Disabled
 Compressed Oops: Enabled (Zero based)
 Heap Region Size: 2M
 Heap Min Capacity: 8M
 Heap Initial Capacity: 248M
 Heap Max Capacity: 3944M
 Pre-touch: Disabled
 Parallel Workers: 13
 Concurrent Workers: 3
 Concurrent Refinement Workers: 13
 Periodic GC: Disabled

Heap:
 garbage-first heap   total 724992K, used 143124K [0x0000000709800000, 0x0000000800000000)
  region size 2048K, 3 young (6144K), 3 survivors (6144K)
 Metaspace       used 99443K, committed 100224K, reserved 1179648K
  class space    used 14144K, committed 14528K, reserved 1048576K

Heap Regions: E=young(eden), S=young(survivor), O=old, HS=humongous(starts), HC=humongous(continues), CS=collection set, F=free, OA=open archive, CA=closed archive, TAMS=top-at-mark-start (previous, next)
|   0|0x0000000709800000, 0x0000000709a00000, 0x0000000709a00000|100%| O|  |TAMS 0x0000000709a00000, 0x0000000709800000| Untracked 
|   1|0x0000000709a00000, 0x0000000709c00000, 0x0000000709c00000|100%| O|  |TAMS 0x0000000709c00000, 0x0000000709a00000| Untracked 
|   2|0x0000000709c00000, 0x0000000709e00000, 0x0000000709e00000|100%| O|  |TAMS 0x0000000709e00000, 0x0000000709c00000| Untracked 
|   3|0x0000000709e00000, 0x000000070a000000, 0x000000070a000000|100%| O|  |TAMS 0x000000070a000000, 0x0000000709e00000| Untracked 
|   4|0x000000070a000000, 0x000000070a200000, 0x000000070a200000|100%| O|  |TAMS 0x000000070a200000, 0x000000070a000000| Untracked 
|   5|0x000000070a200000, 0x000000070a400000, 0x000000070a400000|100%| O|  |TAMS 0x000000070a400000, 0x000000070a200000| Untracked 
|   6|0x000000070a400000, 0x000000070a600000, 0x000000070a600000|100%| O|  |TAMS 0x000000070a600000, 0x000000070a400000| Untracked 
|   7|0x000000070a600000, 0x000000070a800000, 0x000000070a800000|100%| O|  |TAMS 0x000000070a800000, 0x000000070a600000| Untracked 
|   8|0x000000070a800000, 0x000000070aa00000, 0x000000070aa00000|100%| O|  |TAMS 0x000000070aa00000, 0x000000070a800000| Untracked 
|   9|0x000000070aa00000, 0x000000070ac00000, 0x000000070ac00000|100%| O|  |TAMS 0x000000070ac00000, 0x000000070aa00000| Untracked 
|  10|0x000000070ac00000, 0x000000070ae00000, 0x000000070ae00000|100%| O|  |TAMS 0x000000070ae00000, 0x000000070ac00000| Untracked 
|  11|0x000000070ae00000, 0x000000070b000000, 0x000000070b000000|100%| O|  |TAMS 0x000000070b000000, 0x000000070ae00000| Untracked 
|  12|0x000000070b000000, 0x000000070b122200, 0x000000070b200000| 56%| O|  |TAMS 0x000000070b122200, 0x000000070b000000| Untracked 
|  13|0x000000070b200000, 0x000000070b400000, 0x000000070b400000|100%| O|  |TAMS 0x000000070b400000, 0x000000070b200000| Untracked 
|  14|0x000000070b400000, 0x000000070b600000, 0x000000070b600000|100%| O|  |TAMS 0x000000070b600000, 0x000000070b400000| Untracked 
|  15|0x000000070b600000, 0x000000070b800000, 0x000000070b800000|100%| O|  |TAMS 0x000000070b800000, 0x000000070b600000| Untracked 
|  16|0x000000070b800000, 0x000000070ba00000, 0x000000070ba00000|100%| O|  |TAMS 0x000000070ba00000, 0x000000070b800000| Untracked 
|  17|0x000000070ba00000, 0x000000070bc00000, 0x000000070bc00000|100%| O|  |TAMS 0x000000070bc00000, 0x000000070ba00000| Untracked 
|  18|0x000000070bc00000, 0x000000070be00000, 0x000000070be00000|100%| O|  |TAMS 0x000000070be00000, 0x000000070bc00000| Untracked 
|  19|0x000000070be00000, 0x000000070c000000, 0x000000070c000000|100%| O|  |TAMS 0x000000070c000000, 0x000000070be00000| Untracked 
|  20|0x000000070c000000, 0x000000070c200000, 0x000000070c200000|100%| O|  |TAMS 0x000000070c200000, 0x000000070c000000| Untracked 
|  21|0x000000070c200000, 0x000000070c400000, 0x000000070c400000|100%| O|  |TAMS 0x000000070c400000, 0x000000070c200000| Untracked 
|  22|0x000000070c400000, 0x000000070c600000, 0x000000070c600000|100%| O|  |TAMS 0x000000070c600000, 0x000000070c400000| Untracked 
|  23|0x000000070c600000, 0x000000070c800000, 0x000000070c800000|100%| O|  |TAMS 0x000000070c800000, 0x000000070c600000| Untracked 
|  24|0x000000070c800000, 0x000000070ca00000, 0x000000070ca00000|100%| O|  |TAMS 0x000000070c98c200, 0x000000070c800000| Untracked 
|  25|0x000000070ca00000, 0x000000070cc00000, 0x000000070cc00000|100%| O|  |TAMS 0x000000070ca00000, 0x000000070ca00000| Untracked 
|  26|0x000000070cc00000, 0x000000070ce00000, 0x000000070ce00000|100%| O|  |TAMS 0x000000070cc00000, 0x000000070cc00000| Untracked 
|  27|0x000000070ce00000, 0x000000070d000000, 0x000000070d000000|100%| O|  |TAMS 0x000000070ce00000, 0x000000070ce00000| Untracked 
|  28|0x000000070d000000, 0x000000070d200000, 0x000000070d200000|100%| O|  |TAMS 0x000000070d000000, 0x000000070d000000| Untracked 
|  29|0x000000070d200000, 0x000000070d400000, 0x000000070d400000|100%| O|  |TAMS 0x000000070d200000, 0x000000070d200000| Untracked 
|  30|0x000000070d400000, 0x000000070d600000, 0x000000070d600000|100%| O|  |TAMS 0x000000070d400000, 0x000000070d400000| Untracked 
|  31|0x000000070d600000, 0x000000070d800000, 0x000000070d800000|100%| O|  |TAMS 0x000000070d600000, 0x000000070d600000| Untracked 
|  32|0x000000070d800000, 0x000000070da00000, 0x000000070da00000|100%| O|  |TAMS 0x000000070d800000, 0x000000070d800000| Untracked 
|  33|0x000000070da00000, 0x000000070dc00000, 0x000000070dc00000|100%| O|  |TAMS 0x000000070da00000, 0x000000070da00000| Untracked 
|  34|0x000000070dc00000, 0x000000070de00000, 0x000000070de00000|100%| O|  |TAMS 0x000000070dc00000, 0x000000070dc00000| Untracked 
|  35|0x000000070de00000, 0x000000070e000000, 0x000000070e000000|100%| O|  |TAMS 0x000000070de00000, 0x000000070de00000| Untracked 
|  36|0x000000070e000000, 0x000000070e200000, 0x000000070e200000|100%| O|  |TAMS 0x000000070e000000, 0x000000070e000000| Untracked 
|  37|0x000000070e200000, 0x000000070e400000, 0x000000070e400000|100%| O|  |TAMS 0x000000070e200000, 0x000000070e200000| Untracked 
|  38|0x000000070e400000, 0x000000070e600000, 0x000000070e600000|100%| O|  |TAMS 0x000000070e400000, 0x000000070e400000| Untracked 
|  39|0x000000070e600000, 0x000000070e800000, 0x000000070e800000|100%| O|  |TAMS 0x000000070e600000, 0x000000070e600000| Untracked 
|  40|0x000000070e800000, 0x000000070ea00000, 0x000000070ea00000|100%| O|  |TAMS 0x000000070e800000, 0x000000070e800000| Untracked 
|  41|0x000000070ea00000, 0x000000070ec00000, 0x000000070ec00000|100%| O|  |TAMS 0x000000070ea00000, 0x000000070ea00000| Untracked 
|  42|0x000000070ec00000, 0x000000070ee00000, 0x000000070ee00000|100%| O|  |TAMS 0x000000070ec00000, 0x000000070ec00000| Untracked 
|  43|0x000000070ee00000, 0x000000070f000000, 0x000000070f000000|100%| O|  |TAMS 0x000000070ee00000, 0x000000070ee00000| Untracked 
|  44|0x000000070f000000, 0x000000070f200000, 0x000000070f200000|100%| O|  |TAMS 0x000000070f000000, 0x000000070f000000| Untracked 
|  45|0x000000070f200000, 0x000000070f400000, 0x000000070f400000|100%| O|  |TAMS 0x000000070f200000, 0x000000070f200000| Untracked 
|  46|0x000000070f400000, 0x000000070f600000, 0x000000070f600000|100%| O|  |TAMS 0x000000070f400000, 0x000000070f400000| Untracked 
|  47|0x000000070f600000, 0x000000070f800000, 0x000000070f800000|100%| O|  |TAMS 0x000000070f600000, 0x000000070f600000| Untracked 
|  48|0x000000070f800000, 0x000000070fa00000, 0x000000070fa00000|100%| O|  |TAMS 0x000000070f800000, 0x000000070f800000| Untracked 
|  49|0x000000070fa00000, 0x000000070fc00000, 0x000000070fc00000|100%| O|  |TAMS 0x000000070fa00000, 0x000000070fa00000| Untracked 
|  50|0x000000070fc00000, 0x000000070fe00000, 0x000000070fe00000|100%| O|  |TAMS 0x000000070fc00000, 0x000000070fc00000| Untracked 
|  51|0x000000070fe00000, 0x0000000710000000, 0x0000000710000000|100%| O|  |TAMS 0x000000070fe00000, 0x000000070fe00000| Untracked 
|  52|0x0000000710000000, 0x0000000710200000, 0x0000000710200000|100%| O|  |TAMS 0x0000000710000000, 0x0000000710000000| Untracked 
|  53|0x0000000710200000, 0x0000000710400000, 0x0000000710400000|100%| O|  |TAMS 0x0000000710200000, 0x0000000710200000| Untracked 
|  54|0x0000000710400000, 0x0000000710600000, 0x0000000710600000|100%| O|  |TAMS 0x0000000710400000, 0x0000000710400000| Untracked 
|  55|0x0000000710600000, 0x0000000710800000, 0x0000000710800000|100%| O|  |TAMS 0x0000000710600000, 0x0000000710600000| Untracked 
|  56|0x0000000710800000, 0x0000000710a00000, 0x0000000710a00000|100%| O|  |TAMS 0x0000000710800000, 0x0000000710800000| Untracked 
|  57|0x0000000710a00000, 0x0000000710c00000, 0x0000000710c00000|100%| O|  |TAMS 0x0000000710a00000, 0x0000000710a00000| Untracked 
|  58|0x0000000710c00000, 0x0000000710e00000, 0x0000000710e00000|100%| O|  |TAMS 0x0000000710c00000, 0x0000000710c00000| Untracked 
|  59|0x0000000710e00000, 0x0000000711000000, 0x0000000711000000|100%| O|  |TAMS 0x0000000710e00000, 0x0000000710e00000| Untracked 
|  60|0x0000000711000000, 0x0000000711200000, 0x0000000711200000|100%| O|  |TAMS 0x0000000711000000, 0x0000000711000000| Untracked 
|  61|0x0000000711200000, 0x0000000711400000, 0x0000000711400000|100%| O|  |TAMS 0x0000000711200000, 0x0000000711200000| Untracked 
|  62|0x0000000711400000, 0x0000000711600000, 0x0000000711600000|100%| O|  |TAMS 0x0000000711400000, 0x0000000711400000| Untracked 
|  63|0x0000000711600000, 0x0000000711800000, 0x0000000711800000|100%| O|  |TAMS 0x0000000711600000, 0x0000000711600000| Untracked 
|  64|0x0000000711800000, 0x0000000711a00000, 0x0000000711a00000|100%| O|  |TAMS 0x0000000711800000, 0x0000000711800000| Untracked 
|  65|0x0000000711a00000, 0x0000000711c00000, 0x0000000711c00000|100%| O|  |TAMS 0x0000000711a00000, 0x0000000711a00000| Untracked 
|  66|0x0000000711c00000, 0x0000000711e00000, 0x0000000711e00000|100%| O|  |TAMS 0x0000000711c00000, 0x0000000711c00000| Untracked 
|  67|0x0000000711e00000, 0x0000000712000000, 0x0000000712000000|100%| O|  |TAMS 0x0000000711e00000, 0x0000000711e00000| Untracked 
|  68|0x0000000712000000, 0x0000000712020800, 0x0000000712200000|  6%| O|  |TAMS 0x0000000712000000, 0x0000000712000000| Untracked 
|  69|0x0000000712200000, 0x0000000712200000, 0x0000000712400000|  0%| F|  |TAMS 0x0000000712200000, 0x0000000712200000| Untracked 
|  70|0x0000000712400000, 0x0000000712400000, 0x0000000712600000|  0%| F|  |TAMS 0x0000000712400000, 0x0000000712400000| Untracked 
|  71|0x0000000712600000, 0x0000000712600000, 0x0000000712800000|  0%| F|  |TAMS 0x0000000712600000, 0x0000000712600000| Untracked 
|  72|0x0000000712800000, 0x0000000712800000, 0x0000000712a00000|  0%| F|  |TAMS 0x0000000712800000, 0x0000000712800000| Untracked 
|  73|0x0000000712a00000, 0x0000000712a00000, 0x0000000712c00000|  0%| F|  |TAMS 0x0000000712a00000, 0x0000000712a00000| Untracked 
|  74|0x0000000712c00000, 0x0000000712c00000, 0x0000000712e00000|  0%| F|  |TAMS 0x0000000712c00000, 0x0000000712c00000| Untracked 
|  75|0x0000000712e00000, 0x0000000712e00000, 0x0000000713000000|  0%| F|  |TAMS 0x0000000712e00000, 0x0000000712e00000| Untracked 
|  76|0x0000000713000000, 0x0000000713000000, 0x0000000713200000|  0%| F|  |TAMS 0x0000000713000000, 0x0000000713000000| Untracked 
|  77|0x0000000713200000, 0x0000000713200000, 0x0000000713400000|  0%| F|  |TAMS 0x0000000713200000, 0x0000000713200000| Untracked 
|  78|0x0000000713400000, 0x0000000713400000, 0x0000000713600000|  0%| F|  |TAMS 0x0000000713400000, 0x0000000713400000| Untracked 
|  79|0x0000000713600000, 0x0000000713600000, 0x0000000713800000|  0%| F|  |TAMS 0x0000000713600000, 0x0000000713600000| Untracked 
|  80|0x0000000713800000, 0x0000000713800000, 0x0000000713a00000|  0%| F|  |TAMS 0x0000000713800000, 0x0000000713800000| Untracked 
|  81|0x0000000713a00000, 0x0000000713a00000, 0x0000000713c00000|  0%| F|  |TAMS 0x0000000713a00000, 0x0000000713a00000| Untracked 
|  82|0x0000000713c00000, 0x0000000713c00000, 0x0000000713e00000|  0%| F|  |TAMS 0x0000000713c00000, 0x0000000713c00000| Untracked 
|  83|0x0000000713e00000, 0x0000000713e00000, 0x0000000714000000|  0%| F|  |TAMS 0x0000000713e00000, 0x0000000713e00000| Untracked 
|  84|0x0000000714000000, 0x0000000714000000, 0x0000000714200000|  0%| F|  |TAMS 0x0000000714000000, 0x0000000714000000| Untracked 
|  85|0x0000000714200000, 0x0000000714200000, 0x0000000714400000|  0%| F|  |TAMS 0x0000000714200000, 0x0000000714200000| Untracked 
|  86|0x0000000714400000, 0x0000000714400000, 0x0000000714600000|  0%| F|  |TAMS 0x0000000714400000, 0x0000000714400000| Untracked 
|  87|0x0000000714600000, 0x0000000714600000, 0x0000000714800000|  0%| F|  |TAMS 0x0000000714600000, 0x0000000714600000| Untracked 
|  88|0x0000000714800000, 0x0000000714800000, 0x0000000714a00000|  0%| F|  |TAMS 0x0000000714800000, 0x0000000714800000| Untracked 
|  89|0x0000000714a00000, 0x0000000714a00000, 0x0000000714c00000|  0%| F|  |TAMS 0x0000000714a00000, 0x0000000714a00000| Untracked 
|  90|0x0000000714c00000, 0x0000000714c00000, 0x0000000714e00000|  0%| F|  |TAMS 0x0000000714c00000, 0x0000000714c00000| Untracked 
|  91|0x0000000714e00000, 0x0000000714e00000, 0x0000000715000000|  0%| F|  |TAMS 0x0000000714e00000, 0x0000000714e00000| Untracked 
|  92|0x0000000715000000, 0x0000000715000000, 0x0000000715200000|  0%| F|  |TAMS 0x0000000715000000, 0x0000000715000000| Untracked 
|  93|0x0000000715200000, 0x0000000715200000, 0x0000000715400000|  0%| F|  |TAMS 0x0000000715200000, 0x0000000715200000| Untracked 
|  94|0x0000000715400000, 0x0000000715400000, 0x0000000715600000|  0%| F|  |TAMS 0x0000000715400000, 0x0000000715400000| Untracked 
|  95|0x0000000715600000, 0x0000000715600000, 0x0000000715800000|  0%| F|  |TAMS 0x0000000715600000, 0x0000000715600000| Untracked 
|  96|0x0000000715800000, 0x0000000715800000, 0x0000000715a00000|  0%| F|  |TAMS 0x0000000715800000, 0x0000000715800000| Untracked 
|  97|0x0000000715a00000, 0x0000000715a00000, 0x0000000715c00000|  0%| F|  |TAMS 0x0000000715a00000, 0x0000000715a00000| Untracked 
|  98|0x0000000715c00000, 0x0000000715c00000, 0x0000000715e00000|  0%| F|  |TAMS 0x0000000715c00000, 0x0000000715c00000| Untracked 
|  99|0x0000000715e00000, 0x0000000715e00000, 0x0000000716000000|  0%| F|  |TAMS 0x0000000715e00000, 0x0000000715e00000| Untracked 
| 100|0x0000000716000000, 0x0000000716000000, 0x0000000716200000|  0%| F|  |TAMS 0x0000000716000000, 0x0000000716000000| Untracked 
| 101|0x0000000716200000, 0x0000000716200000, 0x0000000716400000|  0%| F|  |TAMS 0x0000000716200000, 0x0000000716200000| Untracked 
| 102|0x0000000716400000, 0x0000000716400000, 0x0000000716600000|  0%| F|  |TAMS 0x0000000716400000, 0x0000000716400000| Untracked 
| 103|0x0000000716600000, 0x0000000716600000, 0x0000000716800000|  0%| F|  |TAMS 0x0000000716600000, 0x0000000716600000| Untracked 
| 104|0x0000000716800000, 0x0000000716800000, 0x0000000716a00000|  0%| F|  |TAMS 0x0000000716800000, 0x0000000716800000| Untracked 
| 105|0x0000000716a00000, 0x0000000716a00000, 0x0000000716c00000|  0%| F|  |TAMS 0x0000000716a00000, 0x0000000716a00000| Untracked 
| 106|0x0000000716c00000, 0x0000000716c00000, 0x0000000716e00000|  0%| F|  |TAMS 0x0000000716c00000, 0x0000000716c00000| Untracked 
| 107|0x0000000716e00000, 0x0000000716e00000, 0x0000000717000000|  0%| F|  |TAMS 0x0000000716e00000, 0x0000000716e00000| Untracked 
| 108|0x0000000717000000, 0x0000000717000000, 0x0000000717200000|  0%| F|  |TAMS 0x0000000717000000, 0x0000000717000000| Untracked 
| 109|0x0000000717200000, 0x0000000717200000, 0x0000000717400000|  0%| F|  |TAMS 0x0000000717200000, 0x0000000717200000| Untracked 
| 110|0x0000000717400000, 0x0000000717400000, 0x0000000717600000|  0%| F|  |TAMS 0x0000000717400000, 0x0000000717400000| Untracked 
| 111|0x0000000717600000, 0x0000000717600000, 0x0000000717800000|  0%| F|  |TAMS 0x0000000717600000, 0x0000000717600000| Untracked 
| 112|0x0000000717800000, 0x0000000717800000, 0x0000000717a00000|  0%| F|  |TAMS 0x0000000717800000, 0x0000000717800000| Untracked 
| 113|0x0000000717a00000, 0x0000000717a00000, 0x0000000717c00000|  0%| F|  |TAMS 0x0000000717a00000, 0x0000000717a00000| Untracked 
| 114|0x0000000717c00000, 0x0000000717c00000, 0x0000000717e00000|  0%| F|  |TAMS 0x0000000717c00000, 0x0000000717c00000| Untracked 
| 115|0x0000000717e00000, 0x0000000717e00000, 0x0000000718000000|  0%| F|  |TAMS 0x0000000717e00000, 0x0000000717e00000| Untracked 
| 116|0x0000000718000000, 0x0000000718000000, 0x0000000718200000|  0%| F|  |TAMS 0x0000000718000000, 0x0000000718000000| Untracked 
| 117|0x0000000718200000, 0x0000000718200000, 0x0000000718400000|  0%| F|  |TAMS 0x0000000718200000, 0x0000000718200000| Untracked 
| 118|0x0000000718400000, 0x0000000718400000, 0x0000000718600000|  0%| F|  |TAMS 0x0000000718400000, 0x0000000718400000| Untracked 
| 119|0x0000000718600000, 0x0000000718600000, 0x0000000718800000|  0%| F|  |TAMS 0x0000000718600000, 0x0000000718600000| Untracked 
| 120|0x0000000718800000, 0x0000000718800000, 0x0000000718a00000|  0%| F|  |TAMS 0x0000000718800000, 0x0000000718800000| Untracked 
| 121|0x0000000718a00000, 0x0000000718a00000, 0x0000000718c00000|  0%| F|  |TAMS 0x0000000718a00000, 0x0000000718a00000| Untracked 
| 122|0x0000000718c00000, 0x0000000718c00000, 0x0000000718e00000|  0%| F|  |TAMS 0x0000000718c00000, 0x0000000718c00000| Untracked 
| 123|0x0000000718e00000, 0x0000000718e00000, 0x0000000719000000|  0%| F|  |TAMS 0x0000000718e00000, 0x0000000718e00000| Untracked 
| 124|0x0000000719000000, 0x0000000719000000, 0x0000000719200000|  0%| F|  |TAMS 0x0000000719000000, 0x0000000719000000| Untracked 
| 125|0x0000000719200000, 0x0000000719200000, 0x0000000719400000|  0%| F|  |TAMS 0x0000000719200000, 0x0000000719200000| Untracked 
| 126|0x0000000719400000, 0x0000000719400000, 0x0000000719600000|  0%| F|  |TAMS 0x0000000719400000, 0x0000000719400000| Untracked 
| 127|0x0000000719600000, 0x0000000719600000, 0x0000000719800000|  0%| F|  |TAMS 0x0000000719600000, 0x0000000719600000| Untracked 
| 128|0x0000000719800000, 0x0000000719800000, 0x0000000719a00000|  0%| F|  |TAMS 0x0000000719800000, 0x0000000719800000| Untracked 
| 129|0x0000000719a00000, 0x0000000719a00000, 0x0000000719c00000|  0%| F|  |TAMS 0x0000000719a00000, 0x0000000719a00000| Untracked 
| 130|0x0000000719c00000, 0x0000000719c00000, 0x0000000719e00000|  0%| F|  |TAMS 0x0000000719c00000, 0x0000000719c00000| Untracked 
| 131|0x0000000719e00000, 0x0000000719e00000, 0x000000071a000000|  0%| F|  |TAMS 0x0000000719e00000, 0x0000000719e00000| Untracked 
| 132|0x000000071a000000, 0x000000071a000000, 0x000000071a200000|  0%| F|  |TAMS 0x000000071a000000, 0x000000071a000000| Untracked 
| 133|0x000000071a200000, 0x000000071a200000, 0x000000071a400000|  0%| F|  |TAMS 0x000000071a200000, 0x000000071a200000| Untracked 
| 134|0x000000071a400000, 0x000000071a400000, 0x000000071a600000|  0%| F|  |TAMS 0x000000071a400000, 0x000000071a400000| Untracked 
| 135|0x000000071a600000, 0x000000071a600000, 0x000000071a800000|  0%| F|  |TAMS 0x000000071a600000, 0x000000071a600000| Untracked 
| 136|0x000000071a800000, 0x000000071a800000, 0x000000071aa00000|  0%| F|  |TAMS 0x000000071a800000, 0x000000071a800000| Untracked 
| 137|0x000000071aa00000, 0x000000071aa00000, 0x000000071ac00000|  0%| F|  |TAMS 0x000000071aa00000, 0x000000071aa00000| Untracked 
| 138|0x000000071ac00000, 0x000000071ac00000, 0x000000071ae00000|  0%| F|  |TAMS 0x000000071ac00000, 0x000000071ac00000| Untracked 
| 139|0x000000071ae00000, 0x000000071ae00000, 0x000000071b000000|  0%| F|  |TAMS 0x000000071ae00000, 0x000000071ae00000| Untracked 
| 140|0x000000071b000000, 0x000000071b000000, 0x000000071b200000|  0%| F|  |TAMS 0x000000071b000000, 0x000000071b000000| Untracked 
| 141|0x000000071b200000, 0x000000071b200000, 0x000000071b400000|  0%| F|  |TAMS 0x000000071b200000, 0x000000071b200000| Untracked 
| 142|0x000000071b400000, 0x000000071b400000, 0x000000071b600000|  0%| F|  |TAMS 0x000000071b400000, 0x000000071b400000| Untracked 
| 143|0x000000071b600000, 0x000000071b600000, 0x000000071b800000|  0%| F|  |TAMS 0x000000071b600000, 0x000000071b600000| Untracked 
| 144|0x000000071b800000, 0x000000071b800000, 0x000000071ba00000|  0%| F|  |TAMS 0x000000071b800000, 0x000000071b800000| Untracked 
| 145|0x000000071ba00000, 0x000000071ba00000, 0x000000071bc00000|  0%| F|  |TAMS 0x000000071ba00000, 0x000000071ba00000| Untracked 
| 146|0x000000071bc00000, 0x000000071bc00000, 0x000000071be00000|  0%| F|  |TAMS 0x000000071bc00000, 0x000000071bc00000| Untracked 
| 147|0x000000071be00000, 0x000000071be00000, 0x000000071c000000|  0%| F|  |TAMS 0x000000071be00000, 0x000000071be00000| Untracked 
| 148|0x000000071c000000, 0x000000071c000000, 0x000000071c200000|  0%| F|  |TAMS 0x000000071c000000, 0x000000071c000000| Untracked 
| 149|0x000000071c200000, 0x000000071c200000, 0x000000071c400000|  0%| F|  |TAMS 0x000000071c200000, 0x000000071c200000| Untracked 
| 150|0x000000071c400000, 0x000000071c400000, 0x000000071c600000|  0%| F|  |TAMS 0x000000071c400000, 0x000000071c400000| Untracked 
| 151|0x000000071c600000, 0x000000071c600000, 0x000000071c800000|  0%| F|  |TAMS 0x000000071c600000, 0x000000071c600000| Untracked 
| 152|0x000000071c800000, 0x000000071c800000, 0x000000071ca00000|  0%| F|  |TAMS 0x000000071c800000, 0x000000071c800000| Untracked 
| 153|0x000000071ca00000, 0x000000071ca00000, 0x000000071cc00000|  0%| F|  |TAMS 0x000000071ca00000, 0x000000071ca00000| Untracked 
| 154|0x000000071cc00000, 0x000000071cc00000, 0x000000071ce00000|  0%| F|  |TAMS 0x000000071cc00000, 0x000000071cc00000| Untracked 
| 155|0x000000071ce00000, 0x000000071ce00000, 0x000000071d000000|  0%| F|  |TAMS 0x000000071ce00000, 0x000000071ce00000| Untracked 
| 156|0x000000071d000000, 0x000000071d000000, 0x000000071d200000|  0%| F|  |TAMS 0x000000071d000000, 0x000000071d000000| Untracked 
| 157|0x000000071d200000, 0x000000071d200000, 0x000000071d400000|  0%| F|  |TAMS 0x000000071d200000, 0x000000071d200000| Untracked 
| 158|0x000000071d400000, 0x000000071d400000, 0x000000071d600000|  0%| F|  |TAMS 0x000000071d400000, 0x000000071d400000| Untracked 
| 159|0x000000071d600000, 0x000000071d600000, 0x000000071d800000|  0%| F|  |TAMS 0x000000071d600000, 0x000000071d600000| Untracked 
| 160|0x000000071d800000, 0x000000071d800000, 0x000000071da00000|  0%| F|  |TAMS 0x000000071d800000, 0x000000071d800000| Untracked 
| 161|0x000000071da00000, 0x000000071da00000, 0x000000071dc00000|  0%| F|  |TAMS 0x000000071da00000, 0x000000071da00000| Untracked 
| 162|0x000000071dc00000, 0x000000071dc00000, 0x000000071de00000|  0%| F|  |TAMS 0x000000071dc00000, 0x000000071dc00000| Untracked 
| 163|0x000000071de00000, 0x000000071de00000, 0x000000071e000000|  0%| F|  |TAMS 0x000000071de00000, 0x000000071de00000| Untracked 
| 164|0x000000071e000000, 0x000000071e000000, 0x000000071e200000|  0%| F|  |TAMS 0x000000071e000000, 0x000000071e000000| Untracked 
| 165|0x000000071e200000, 0x000000071e200000, 0x000000071e400000|  0%| F|  |TAMS 0x000000071e200000, 0x000000071e200000| Untracked 
| 166|0x000000071e400000, 0x000000071e400000, 0x000000071e600000|  0%| F|  |TAMS 0x000000071e400000, 0x000000071e400000| Untracked 
| 167|0x000000071e600000, 0x000000071e600000, 0x000000071e800000|  0%| F|  |TAMS 0x000000071e600000, 0x000000071e600000| Untracked 
| 168|0x000000071e800000, 0x000000071e800000, 0x000000071ea00000|  0%| F|  |TAMS 0x000000071e800000, 0x000000071e800000| Untracked 
| 169|0x000000071ea00000, 0x000000071ea00000, 0x000000071ec00000|  0%| F|  |TAMS 0x000000071ea00000, 0x000000071ea00000| Untracked 
| 170|0x000000071ec00000, 0x000000071ec00000, 0x000000071ee00000|  0%| F|  |TAMS 0x000000071ec00000, 0x000000071ec00000| Untracked 
| 171|0x000000071ee00000, 0x000000071ee00000, 0x000000071f000000|  0%| F|  |TAMS 0x000000071ee00000, 0x000000071ee00000| Untracked 
| 172|0x000000071f000000, 0x000000071f000000, 0x000000071f200000|  0%| F|  |TAMS 0x000000071f000000, 0x000000071f000000| Untracked 
| 173|0x000000071f200000, 0x000000071f200000, 0x000000071f400000|  0%| F|  |TAMS 0x000000071f200000, 0x000000071f200000| Untracked 
| 174|0x000000071f400000, 0x000000071f400000, 0x000000071f600000|  0%| F|  |TAMS 0x000000071f400000, 0x000000071f400000| Untracked 
| 175|0x000000071f600000, 0x000000071f600000, 0x000000071f800000|  0%| F|  |TAMS 0x000000071f600000, 0x000000071f600000| Untracked 
| 176|0x000000071f800000, 0x000000071f800000, 0x000000071fa00000|  0%| F|  |TAMS 0x000000071f800000, 0x000000071f800000| Untracked 
| 177|0x000000071fa00000, 0x000000071fa00000, 0x000000071fc00000|  0%| F|  |TAMS 0x000000071fa00000, 0x000000071fa00000| Untracked 
| 178|0x000000071fc00000, 0x000000071fc00000, 0x000000071fe00000|  0%| F|  |TAMS 0x000000071fc00000, 0x000000071fc00000| Untracked 
| 179|0x000000071fe00000, 0x000000071fe00000, 0x0000000720000000|  0%| F|  |TAMS 0x000000071fe00000, 0x000000071fe00000| Untracked 
| 180|0x0000000720000000, 0x0000000720000000, 0x0000000720200000|  0%| F|  |TAMS 0x0000000720000000, 0x0000000720000000| Untracked 
| 181|0x0000000720200000, 0x0000000720200000, 0x0000000720400000|  0%| F|  |TAMS 0x0000000720200000, 0x0000000720200000| Untracked 
| 182|0x0000000720400000, 0x0000000720400000, 0x0000000720600000|  0%| F|  |TAMS 0x0000000720400000, 0x0000000720400000| Untracked 
| 183|0x0000000720600000, 0x0000000720600000, 0x0000000720800000|  0%| F|  |TAMS 0x0000000720600000, 0x0000000720600000| Untracked 
| 184|0x0000000720800000, 0x0000000720800000, 0x0000000720a00000|  0%| F|  |TAMS 0x0000000720800000, 0x0000000720800000| Untracked 
| 185|0x0000000720a00000, 0x0000000720a00000, 0x0000000720c00000|  0%| F|  |TAMS 0x0000000720a00000, 0x0000000720a00000| Untracked 
| 186|0x0000000720c00000, 0x0000000720c00000, 0x0000000720e00000|  0%| F|  |TAMS 0x0000000720c00000, 0x0000000720c00000| Untracked 
| 187|0x0000000720e00000, 0x0000000720e00000, 0x0000000721000000|  0%| F|  |TAMS 0x0000000720e00000, 0x0000000720e00000| Untracked 
| 188|0x0000000721000000, 0x0000000721000000, 0x0000000721200000|  0%| F|  |TAMS 0x0000000721000000, 0x0000000721000000| Untracked 
| 189|0x0000000721200000, 0x0000000721200000, 0x0000000721400000|  0%| F|  |TAMS 0x0000000721200000, 0x0000000721200000| Untracked 
| 190|0x0000000721400000, 0x0000000721400000, 0x0000000721600000|  0%| F|  |TAMS 0x0000000721400000, 0x0000000721400000| Untracked 
| 191|0x0000000721600000, 0x0000000721600000, 0x0000000721800000|  0%| F|  |TAMS 0x0000000721600000, 0x0000000721600000| Untracked 
| 192|0x0000000721800000, 0x0000000721800000, 0x0000000721a00000|  0%| F|  |TAMS 0x0000000721800000, 0x0000000721800000| Untracked 
| 193|0x0000000721a00000, 0x0000000721a00000, 0x0000000721c00000|  0%| F|  |TAMS 0x0000000721a00000, 0x0000000721a00000| Untracked 
| 194|0x0000000721c00000, 0x0000000721c00000, 0x0000000721e00000|  0%| F|  |TAMS 0x0000000721c00000, 0x0000000721c00000| Untracked 
| 195|0x0000000721e00000, 0x0000000721e00000, 0x0000000722000000|  0%| F|  |TAMS 0x0000000721e00000, 0x0000000721e00000| Untracked 
| 196|0x0000000722000000, 0x0000000722000000, 0x0000000722200000|  0%| F|  |TAMS 0x0000000722000000, 0x0000000722000000| Untracked 
| 197|0x0000000722200000, 0x0000000722200000, 0x0000000722400000|  0%| F|  |TAMS 0x0000000722200000, 0x0000000722200000| Untracked 
| 198|0x0000000722400000, 0x0000000722400000, 0x0000000722600000|  0%| F|  |TAMS 0x0000000722400000, 0x0000000722400000| Untracked 
| 199|0x0000000722600000, 0x0000000722600000, 0x0000000722800000|  0%| F|  |TAMS 0x0000000722600000, 0x0000000722600000| Untracked 
| 200|0x0000000722800000, 0x0000000722800000, 0x0000000722a00000|  0%| F|  |TAMS 0x0000000722800000, 0x0000000722800000| Untracked 
| 201|0x0000000722a00000, 0x0000000722a00000, 0x0000000722c00000|  0%| F|  |TAMS 0x0000000722a00000, 0x0000000722a00000| Untracked 
| 202|0x0000000722c00000, 0x0000000722c00000, 0x0000000722e00000|  0%| F|  |TAMS 0x0000000722c00000, 0x0000000722c00000| Untracked 
| 203|0x0000000722e00000, 0x0000000722e00000, 0x0000000723000000|  0%| F|  |TAMS 0x0000000722e00000, 0x0000000722e00000| Untracked 
| 204|0x0000000723000000, 0x0000000723000000, 0x0000000723200000|  0%| F|  |TAMS 0x0000000723000000, 0x0000000723000000| Untracked 
| 205|0x0000000723200000, 0x0000000723200000, 0x0000000723400000|  0%| F|  |TAMS 0x0000000723200000, 0x0000000723200000| Untracked 
| 206|0x0000000723400000, 0x0000000723400000, 0x0000000723600000|  0%| F|  |TAMS 0x0000000723400000, 0x0000000723400000| Untracked 
| 207|0x0000000723600000, 0x0000000723600000, 0x0000000723800000|  0%| F|  |TAMS 0x0000000723600000, 0x0000000723600000| Untracked 
| 208|0x0000000723800000, 0x0000000723800000, 0x0000000723a00000|  0%| F|  |TAMS 0x0000000723800000, 0x0000000723800000| Untracked 
| 209|0x0000000723a00000, 0x0000000723a00000, 0x0000000723c00000|  0%| F|  |TAMS 0x0000000723a00000, 0x0000000723a00000| Untracked 
| 210|0x0000000723c00000, 0x0000000723c00000, 0x0000000723e00000|  0%| F|  |TAMS 0x0000000723c00000, 0x0000000723c00000| Untracked 
| 211|0x0000000723e00000, 0x0000000723e00000, 0x0000000724000000|  0%| F|  |TAMS 0x0000000723e00000, 0x0000000723e00000| Untracked 
| 212|0x0000000724000000, 0x0000000724000000, 0x0000000724200000|  0%| F|  |TAMS 0x0000000724000000, 0x0000000724000000| Untracked 
| 213|0x0000000724200000, 0x0000000724200000, 0x0000000724400000|  0%| F|  |TAMS 0x0000000724200000, 0x0000000724200000| Untracked 
| 214|0x0000000724400000, 0x0000000724400000, 0x0000000724600000|  0%| F|  |TAMS 0x0000000724400000, 0x0000000724400000| Untracked 
| 215|0x0000000724600000, 0x0000000724600000, 0x0000000724800000|  0%| F|  |TAMS 0x0000000724600000, 0x0000000724600000| Untracked 
| 216|0x0000000724800000, 0x0000000724800000, 0x0000000724a00000|  0%| F|  |TAMS 0x0000000724800000, 0x0000000724800000| Untracked 
| 217|0x0000000724a00000, 0x0000000724a00000, 0x0000000724c00000|  0%| F|  |TAMS 0x0000000724a00000, 0x0000000724a00000| Untracked 
| 218|0x0000000724c00000, 0x0000000724c00000, 0x0000000724e00000|  0%| F|  |TAMS 0x0000000724c00000, 0x0000000724c00000| Untracked 
| 219|0x0000000724e00000, 0x0000000724e00000, 0x0000000725000000|  0%| F|  |TAMS 0x0000000724e00000, 0x0000000724e00000| Untracked 
| 220|0x0000000725000000, 0x0000000725000000, 0x0000000725200000|  0%| F|  |TAMS 0x0000000725000000, 0x0000000725000000| Untracked 
| 221|0x0000000725200000, 0x0000000725200000, 0x0000000725400000|  0%| F|  |TAMS 0x0000000725200000, 0x0000000725200000| Untracked 
| 222|0x0000000725400000, 0x0000000725400000, 0x0000000725600000|  0%| F|  |TAMS 0x0000000725400000, 0x0000000725400000| Untracked 
| 223|0x0000000725600000, 0x0000000725600000, 0x0000000725800000|  0%| F|  |TAMS 0x0000000725600000, 0x0000000725600000| Untracked 
| 224|0x0000000725800000, 0x0000000725800000, 0x0000000725a00000|  0%| F|  |TAMS 0x0000000725800000, 0x0000000725800000| Untracked 
| 225|0x0000000725a00000, 0x0000000725a00000, 0x0000000725c00000|  0%| F|  |TAMS 0x0000000725a00000, 0x0000000725a00000| Untracked 
| 226|0x0000000725c00000, 0x0000000725c00000, 0x0000000725e00000|  0%| F|  |TAMS 0x0000000725c00000, 0x0000000725c00000| Untracked 
| 227|0x0000000725e00000, 0x0000000725e00000, 0x0000000726000000|  0%| F|  |TAMS 0x0000000725e00000, 0x0000000725e00000| Untracked 
| 228|0x0000000726000000, 0x0000000726000000, 0x0000000726200000|  0%| F|  |TAMS 0x0000000726000000, 0x0000000726000000| Untracked 
| 229|0x0000000726200000, 0x0000000726200000, 0x0000000726400000|  0%| F|  |TAMS 0x0000000726200000, 0x0000000726200000| Untracked 
| 230|0x0000000726400000, 0x0000000726400000, 0x0000000726600000|  0%| F|  |TAMS 0x0000000726400000, 0x0000000726400000| Untracked 
| 231|0x0000000726600000, 0x0000000726600000, 0x0000000726800000|  0%| F|  |TAMS 0x0000000726600000, 0x0000000726600000| Untracked 
| 232|0x0000000726800000, 0x0000000726800000, 0x0000000726a00000|  0%| F|  |TAMS 0x0000000726800000, 0x0000000726800000| Untracked 
| 233|0x0000000726a00000, 0x0000000726a00000, 0x0000000726c00000|  0%| F|  |TAMS 0x0000000726a00000, 0x0000000726a00000| Untracked 
| 234|0x0000000726c00000, 0x0000000726c00000, 0x0000000726e00000|  0%| F|  |TAMS 0x0000000726c00000, 0x0000000726c00000| Untracked 
| 235|0x0000000726e00000, 0x0000000726e00000, 0x0000000727000000|  0%| F|  |TAMS 0x0000000726e00000, 0x0000000726e00000| Untracked 
| 236|0x0000000727000000, 0x0000000727000000, 0x0000000727200000|  0%| F|  |TAMS 0x0000000727000000, 0x0000000727000000| Untracked 
| 237|0x0000000727200000, 0x0000000727200000, 0x0000000727400000|  0%| F|  |TAMS 0x0000000727200000, 0x0000000727200000| Untracked 
| 238|0x0000000727400000, 0x0000000727400000, 0x0000000727600000|  0%| F|  |TAMS 0x0000000727400000, 0x0000000727400000| Untracked 
| 239|0x0000000727600000, 0x0000000727600000, 0x0000000727800000|  0%| F|  |TAMS 0x0000000727600000, 0x0000000727600000| Untracked 
| 240|0x0000000727800000, 0x0000000727800000, 0x0000000727a00000|  0%| F|  |TAMS 0x0000000727800000, 0x0000000727800000| Untracked 
| 241|0x0000000727a00000, 0x0000000727a00000, 0x0000000727c00000|  0%| F|  |TAMS 0x0000000727a00000, 0x0000000727a00000| Untracked 
| 242|0x0000000727c00000, 0x0000000727c00000, 0x0000000727e00000|  0%| F|  |TAMS 0x0000000727c00000, 0x0000000727c00000| Untracked 
| 243|0x0000000727e00000, 0x0000000727e00000, 0x0000000728000000|  0%| F|  |TAMS 0x0000000727e00000, 0x0000000727e00000| Untracked 
| 244|0x0000000728000000, 0x0000000728000000, 0x0000000728200000|  0%| F|  |TAMS 0x0000000728000000, 0x0000000728000000| Untracked 
| 245|0x0000000728200000, 0x0000000728200000, 0x0000000728400000|  0%| F|  |TAMS 0x0000000728200000, 0x0000000728200000| Untracked 
| 246|0x0000000728400000, 0x0000000728400000, 0x0000000728600000|  0%| F|  |TAMS 0x0000000728400000, 0x0000000728400000| Untracked 
| 247|0x0000000728600000, 0x0000000728600000, 0x0000000728800000|  0%| F|  |TAMS 0x0000000728600000, 0x0000000728600000| Untracked 
| 248|0x0000000728800000, 0x0000000728800000, 0x0000000728a00000|  0%| F|  |TAMS 0x0000000728800000, 0x0000000728800000| Untracked 
| 249|0x0000000728a00000, 0x0000000728a00000, 0x0000000728c00000|  0%| F|  |TAMS 0x0000000728a00000, 0x0000000728a00000| Untracked 
| 250|0x0000000728c00000, 0x0000000728c00000, 0x0000000728e00000|  0%| F|  |TAMS 0x0000000728c00000, 0x0000000728c00000| Untracked 
| 251|0x0000000728e00000, 0x0000000728e00000, 0x0000000729000000|  0%| F|  |TAMS 0x0000000728e00000, 0x0000000728e00000| Untracked 
| 252|0x0000000729000000, 0x0000000729000000, 0x0000000729200000|  0%| F|  |TAMS 0x0000000729000000, 0x0000000729000000| Untracked 
| 253|0x0000000729200000, 0x0000000729200000, 0x0000000729400000|  0%| F|  |TAMS 0x0000000729200000, 0x0000000729200000| Untracked 
| 254|0x0000000729400000, 0x0000000729400000, 0x0000000729600000|  0%| F|  |TAMS 0x0000000729400000, 0x0000000729400000| Untracked 
| 255|0x0000000729600000, 0x0000000729600000, 0x0000000729800000|  0%| F|  |TAMS 0x0000000729600000, 0x0000000729600000| Untracked 
| 256|0x0000000729800000, 0x0000000729800000, 0x0000000729a00000|  0%| F|  |TAMS 0x0000000729800000, 0x0000000729800000| Untracked 
| 257|0x0000000729a00000, 0x0000000729a00000, 0x0000000729c00000|  0%| F|  |TAMS 0x0000000729a00000, 0x0000000729a00000| Untracked 
| 258|0x0000000729c00000, 0x0000000729c00000, 0x0000000729e00000|  0%| F|  |TAMS 0x0000000729c00000, 0x0000000729c00000| Untracked 
| 259|0x0000000729e00000, 0x0000000729e00000, 0x000000072a000000|  0%| F|  |TAMS 0x0000000729e00000, 0x0000000729e00000| Untracked 
| 260|0x000000072a000000, 0x000000072a000000, 0x000000072a200000|  0%| F|  |TAMS 0x000000072a000000, 0x000000072a000000| Untracked 
| 261|0x000000072a200000, 0x000000072a200000, 0x000000072a400000|  0%| F|  |TAMS 0x000000072a200000, 0x000000072a200000| Untracked 
| 262|0x000000072a400000, 0x000000072a400000, 0x000000072a600000|  0%| F|  |TAMS 0x000000072a400000, 0x000000072a400000| Untracked 
| 263|0x000000072a600000, 0x000000072a600000, 0x000000072a800000|  0%| F|  |TAMS 0x000000072a600000, 0x000000072a600000| Untracked 
| 264|0x000000072a800000, 0x000000072a800000, 0x000000072aa00000|  0%| F|  |TAMS 0x000000072a800000, 0x000000072a800000| Untracked 
| 265|0x000000072aa00000, 0x000000072aa00000, 0x000000072ac00000|  0%| F|  |TAMS 0x000000072aa00000, 0x000000072aa00000| Untracked 
| 266|0x000000072ac00000, 0x000000072ac00000, 0x000000072ae00000|  0%| F|  |TAMS 0x000000072ac00000, 0x000000072ac00000| Untracked 
| 267|0x000000072ae00000, 0x000000072ae00000, 0x000000072b000000|  0%| F|  |TAMS 0x000000072ae00000, 0x000000072ae00000| Untracked 
| 268|0x000000072b000000, 0x000000072b000000, 0x000000072b200000|  0%| F|  |TAMS 0x000000072b000000, 0x000000072b000000| Untracked 
| 269|0x000000072b200000, 0x000000072b200000, 0x000000072b400000|  0%| F|  |TAMS 0x000000072b200000, 0x000000072b200000| Untracked 
| 270|0x000000072b400000, 0x000000072b400000, 0x000000072b600000|  0%| F|  |TAMS 0x000000072b400000, 0x000000072b400000| Untracked 
| 271|0x000000072b600000, 0x000000072b600000, 0x000000072b800000|  0%| F|  |TAMS 0x000000072b600000, 0x000000072b600000| Untracked 
| 272|0x000000072b800000, 0x000000072b800000, 0x000000072ba00000|  0%| F|  |TAMS 0x000000072b800000, 0x000000072b800000| Untracked 
| 273|0x000000072ba00000, 0x000000072ba00000, 0x000000072bc00000|  0%| F|  |TAMS 0x000000072ba00000, 0x000000072ba00000| Untracked 
| 274|0x000000072bc00000, 0x000000072bc00000, 0x000000072be00000|  0%| F|  |TAMS 0x000000072bc00000, 0x000000072bc00000| Untracked 
| 275|0x000000072be00000, 0x000000072be00000, 0x000000072c000000|  0%| F|  |TAMS 0x000000072be00000, 0x000000072be00000| Untracked 
| 276|0x000000072c000000, 0x000000072c000000, 0x000000072c200000|  0%| F|  |TAMS 0x000000072c000000, 0x000000072c000000| Untracked 
| 277|0x000000072c200000, 0x000000072c200000, 0x000000072c400000|  0%| F|  |TAMS 0x000000072c200000, 0x000000072c200000| Untracked 
| 278|0x000000072c400000, 0x000000072c400000, 0x000000072c600000|  0%| F|  |TAMS 0x000000072c400000, 0x000000072c400000| Untracked 
| 279|0x000000072c600000, 0x000000072c600000, 0x000000072c800000|  0%| F|  |TAMS 0x000000072c600000, 0x000000072c600000| Untracked 
| 280|0x000000072c800000, 0x000000072c800000, 0x000000072ca00000|  0%| F|  |TAMS 0x000000072c800000, 0x000000072c800000| Untracked 
| 281|0x000000072ca00000, 0x000000072ca00000, 0x000000072cc00000|  0%| F|  |TAMS 0x000000072ca00000, 0x000000072ca00000| Untracked 
| 282|0x000000072cc00000, 0x000000072cc00000, 0x000000072ce00000|  0%| F|  |TAMS 0x000000072cc00000, 0x000000072cc00000| Untracked 
| 283|0x000000072ce00000, 0x000000072ce00000, 0x000000072d000000|  0%| F|  |TAMS 0x000000072ce00000, 0x000000072ce00000| Untracked 
| 284|0x000000072d000000, 0x000000072d000000, 0x000000072d200000|  0%| F|  |TAMS 0x000000072d000000, 0x000000072d000000| Untracked 
| 285|0x000000072d200000, 0x000000072d200000, 0x000000072d400000|  0%| F|  |TAMS 0x000000072d200000, 0x000000072d200000| Untracked 
| 286|0x000000072d400000, 0x000000072d400000, 0x000000072d600000|  0%| F|  |TAMS 0x000000072d400000, 0x000000072d400000| Untracked 
| 287|0x000000072d600000, 0x000000072d600000, 0x000000072d800000|  0%| F|  |TAMS 0x000000072d600000, 0x000000072d600000| Untracked 
| 288|0x000000072d800000, 0x000000072d800000, 0x000000072da00000|  0%| F|  |TAMS 0x000000072d800000, 0x000000072d800000| Untracked 
| 289|0x000000072da00000, 0x000000072da00000, 0x000000072dc00000|  0%| F|  |TAMS 0x000000072da00000, 0x000000072da00000| Untracked 
| 290|0x000000072dc00000, 0x000000072dc00000, 0x000000072de00000|  0%| F|  |TAMS 0x000000072dc00000, 0x000000072dc00000| Untracked 
| 291|0x000000072de00000, 0x000000072de00000, 0x000000072e000000|  0%| F|  |TAMS 0x000000072de00000, 0x000000072de00000| Untracked 
| 292|0x000000072e000000, 0x000000072e000000, 0x000000072e200000|  0%| F|  |TAMS 0x000000072e000000, 0x000000072e000000| Untracked 
| 293|0x000000072e200000, 0x000000072e200000, 0x000000072e400000|  0%| F|  |TAMS 0x000000072e200000, 0x000000072e200000| Untracked 
| 294|0x000000072e400000, 0x000000072e400000, 0x000000072e600000|  0%| F|  |TAMS 0x000000072e400000, 0x000000072e400000| Untracked 
| 295|0x000000072e600000, 0x000000072e600000, 0x000000072e800000|  0%| F|  |TAMS 0x000000072e600000, 0x000000072e600000| Untracked 
| 296|0x000000072e800000, 0x000000072e800000, 0x000000072ea00000|  0%| F|  |TAMS 0x000000072e800000, 0x000000072e800000| Untracked 
| 297|0x000000072ea00000, 0x000000072ea00000, 0x000000072ec00000|  0%| F|  |TAMS 0x000000072ea00000, 0x000000072ea00000| Untracked 
| 298|0x000000072ec00000, 0x000000072ec00000, 0x000000072ee00000|  0%| F|  |TAMS 0x000000072ec00000, 0x000000072ec00000| Untracked 
| 299|0x000000072ee00000, 0x000000072ee00000, 0x000000072f000000|  0%| F|  |TAMS 0x000000072ee00000, 0x000000072ee00000| Untracked 
| 300|0x000000072f000000, 0x000000072f000000, 0x000000072f200000|  0%| F|  |TAMS 0x000000072f000000, 0x000000072f000000| Untracked 
| 301|0x000000072f200000, 0x000000072f200000, 0x000000072f400000|  0%| F|  |TAMS 0x000000072f200000, 0x000000072f200000| Untracked 
| 302|0x000000072f400000, 0x000000072f400000, 0x000000072f600000|  0%| F|  |TAMS 0x000000072f400000, 0x000000072f400000| Untracked 
| 303|0x000000072f600000, 0x000000072f600000, 0x000000072f800000|  0%| F|  |TAMS 0x000000072f600000, 0x000000072f600000| Untracked 
| 304|0x000000072f800000, 0x000000072f800000, 0x000000072fa00000|  0%| F|  |TAMS 0x000000072f800000, 0x000000072f800000| Untracked 
| 305|0x000000072fa00000, 0x000000072fa00000, 0x000000072fc00000|  0%| F|  |TAMS 0x000000072fa00000, 0x000000072fa00000| Untracked 
| 306|0x000000072fc00000, 0x000000072fc00000, 0x000000072fe00000|  0%| F|  |TAMS 0x000000072fc00000, 0x000000072fc00000| Untracked 
| 307|0x000000072fe00000, 0x000000072fe00000, 0x0000000730000000|  0%| F|  |TAMS 0x000000072fe00000, 0x000000072fe00000| Untracked 
| 308|0x0000000730000000, 0x0000000730000000, 0x0000000730200000|  0%| F|  |TAMS 0x0000000730000000, 0x0000000730000000| Untracked 
| 309|0x0000000730200000, 0x0000000730200000, 0x0000000730400000|  0%| F|  |TAMS 0x0000000730200000, 0x0000000730200000| Untracked 
| 310|0x0000000730400000, 0x0000000730400000, 0x0000000730600000|  0%| F|  |TAMS 0x0000000730400000, 0x0000000730400000| Untracked 
| 311|0x0000000730600000, 0x0000000730600000, 0x0000000730800000|  0%| F|  |TAMS 0x0000000730600000, 0x0000000730600000| Untracked 
| 312|0x0000000730800000, 0x0000000730800000, 0x0000000730a00000|  0%| F|  |TAMS 0x0000000730800000, 0x0000000730800000| Untracked 
| 313|0x0000000730a00000, 0x0000000730a00000, 0x0000000730c00000|  0%| F|  |TAMS 0x0000000730a00000, 0x0000000730a00000| Untracked 
| 314|0x0000000730c00000, 0x0000000730c00000, 0x0000000730e00000|  0%| F|  |TAMS 0x0000000730c00000, 0x0000000730c00000| Untracked 
| 315|0x0000000730e00000, 0x0000000730e00000, 0x0000000731000000|  0%| F|  |TAMS 0x0000000730e00000, 0x0000000730e00000| Untracked 
| 316|0x0000000731000000, 0x0000000731000000, 0x0000000731200000|  0%| F|  |TAMS 0x0000000731000000, 0x0000000731000000| Untracked 
| 317|0x0000000731200000, 0x0000000731200000, 0x0000000731400000|  0%| F|  |TAMS 0x0000000731200000, 0x0000000731200000| Untracked 
| 318|0x0000000731400000, 0x0000000731400000, 0x0000000731600000|  0%| F|  |TAMS 0x0000000731400000, 0x0000000731400000| Untracked 
| 319|0x0000000731600000, 0x0000000731600000, 0x0000000731800000|  0%| F|  |TAMS 0x0000000731600000, 0x0000000731600000| Untracked 
| 320|0x0000000731800000, 0x0000000731800000, 0x0000000731a00000|  0%| F|  |TAMS 0x0000000731800000, 0x0000000731800000| Untracked 
| 321|0x0000000731a00000, 0x0000000731a00000, 0x0000000731c00000|  0%| F|  |TAMS 0x0000000731a00000, 0x0000000731a00000| Untracked 
| 322|0x0000000731c00000, 0x0000000731c00000, 0x0000000731e00000|  0%| F|  |TAMS 0x0000000731c00000, 0x0000000731c00000| Untracked 
| 323|0x0000000731e00000, 0x0000000731e00000, 0x0000000732000000|  0%| F|  |TAMS 0x0000000731e00000, 0x0000000731e00000| Untracked 
| 324|0x0000000732000000, 0x0000000732000000, 0x0000000732200000|  0%| F|  |TAMS 0x0000000732000000, 0x0000000732000000| Untracked 
| 325|0x0000000732200000, 0x0000000732200000, 0x0000000732400000|  0%| F|  |TAMS 0x0000000732200000, 0x0000000732200000| Untracked 
| 326|0x0000000732400000, 0x0000000732400000, 0x0000000732600000|  0%| F|  |TAMS 0x0000000732400000, 0x0000000732400000| Untracked 
| 327|0x0000000732600000, 0x0000000732600000, 0x0000000732800000|  0%| F|  |TAMS 0x0000000732600000, 0x0000000732600000| Untracked 
| 328|0x0000000732800000, 0x0000000732800000, 0x0000000732a00000|  0%| F|  |TAMS 0x0000000732800000, 0x0000000732800000| Untracked 
| 329|0x0000000732a00000, 0x0000000732a00000, 0x0000000732c00000|  0%| F|  |TAMS 0x0000000732a00000, 0x0000000732a00000| Untracked 
| 330|0x0000000732c00000, 0x0000000732c00000, 0x0000000732e00000|  0%| F|  |TAMS 0x0000000732c00000, 0x0000000732c00000| Untracked 
| 331|0x0000000732e00000, 0x0000000732e00000, 0x0000000733000000|  0%| F|  |TAMS 0x0000000732e00000, 0x0000000732e00000| Untracked 
| 332|0x0000000733000000, 0x0000000733000000, 0x0000000733200000|  0%| F|  |TAMS 0x0000000733000000, 0x0000000733000000| Untracked 
| 333|0x0000000733200000, 0x0000000733200000, 0x0000000733400000|  0%| F|  |TAMS 0x0000000733200000, 0x0000000733200000| Untracked 
| 334|0x0000000733400000, 0x00000007334828c0, 0x0000000733600000| 25%| S|CS|TAMS 0x0000000733400000, 0x0000000733400000| Complete 
| 335|0x0000000733600000, 0x0000000733600000, 0x0000000733800000|  0%| F|  |TAMS 0x0000000733600000, 0x0000000733600000| Untracked 
| 336|0x0000000733800000, 0x0000000733800000, 0x0000000733a00000|  0%| F|  |TAMS 0x0000000733800000, 0x0000000733800000| Untracked 
| 337|0x0000000733a00000, 0x0000000733a00000, 0x0000000733c00000|  0%| F|  |TAMS 0x0000000733a00000, 0x0000000733a00000| Untracked 
| 338|0x0000000733c00000, 0x0000000733e00000, 0x0000000733e00000|100%| S|CS|TAMS 0x0000000733c00000, 0x0000000733c00000| Complete 
| 339|0x0000000733e00000, 0x0000000734000000, 0x0000000734000000|100%| S|CS|TAMS 0x0000000733e00000, 0x0000000733e00000| Complete 
| 340|0x0000000734000000, 0x0000000734000000, 0x0000000734200000|  0%| F|  |TAMS 0x0000000734000000, 0x0000000734000000| Untracked 
| 341|0x0000000734200000, 0x0000000734200000, 0x0000000734400000|  0%| F|  |TAMS 0x0000000734200000, 0x0000000734200000| Untracked 
| 342|0x0000000734400000, 0x0000000734400000, 0x0000000734600000|  0%| F|  |TAMS 0x0000000734400000, 0x0000000734400000| Untracked 
| 343|0x0000000734600000, 0x0000000734600000, 0x0000000734800000|  0%| F|  |TAMS 0x0000000734600000, 0x0000000734600000| Untracked 
| 344|0x0000000734800000, 0x0000000734800000, 0x0000000734a00000|  0%| F|  |TAMS 0x0000000734800000, 0x0000000734800000| Untracked 
| 345|0x0000000734a00000, 0x0000000734a00000, 0x0000000734c00000|  0%| F|  |TAMS 0x0000000734a00000, 0x0000000734a00000| Untracked 
| 346|0x0000000734c00000, 0x0000000734c00000, 0x0000000734e00000|  0%| F|  |TAMS 0x0000000734c00000, 0x0000000734c00000| Untracked 
| 347|0x0000000734e00000, 0x0000000734e00000, 0x0000000735000000|  0%| F|  |TAMS 0x0000000734e00000, 0x0000000734e00000| Untracked 
| 348|0x0000000735000000, 0x0000000735000000, 0x0000000735200000|  0%| F|  |TAMS 0x0000000735000000, 0x0000000735000000| Untracked 
| 349|0x0000000735200000, 0x0000000735200000, 0x0000000735400000|  0%| F|  |TAMS 0x0000000735200000, 0x0000000735200000| Untracked 
| 350|0x0000000735400000, 0x0000000735400000, 0x0000000735600000|  0%| F|  |TAMS 0x0000000735400000, 0x0000000735400000| Untracked 
| 351|0x0000000735600000, 0x0000000735600000, 0x0000000735800000|  0%| F|  |TAMS 0x0000000735600000, 0x0000000735600000| Untracked 
| 352|0x0000000735800000, 0x0000000735800000, 0x0000000735a00000|  0%| F|  |TAMS 0x0000000735800000, 0x0000000735800000| Untracked 
| 353|0x0000000735a00000, 0x0000000735a00000, 0x0000000735c00000|  0%| F|  |TAMS 0x0000000735a00000, 0x0000000735a00000| Untracked 

Card table byte_map: [0x0000023353500000,0x0000023353cc0000] _byte_map_base: 0x000002334fcb4000

Marking Bits (Prev, Next): (CMBitMap*) 0x000002334ee4a400, (CMBitMap*) 0x000002334ee4a440
 Prev Bits: [0x0000023354480000, 0x0000023358220000)
 Next Bits: [0x0000023358220000, 0x000002335bfc0000)

Polling page: 0x00000233451b0000

Metaspace:

Usage:
  Non-class:     83.30 MB used.
      Class:     13.81 MB used.
       Both:     97.11 MB used.

Virtual space:
  Non-class space:      128.00 MB reserved,      83.69 MB ( 65%) committed,  2 nodes.
      Class space:        1.00 GB reserved,      14.19 MB (  1%) committed,  1 nodes.
             Both:        1.12 GB reserved,      97.88 MB (  8%) committed. 

Chunk freelists:
   Non-Class:  12.25 MB
       Class:  1.82 MB
        Both:  14.08 MB

MaxMetaspaceSize: unlimited
CompressedClassSpaceSize: 1.00 GB
Initial GC threshold: 21.00 MB
Current GC threshold: 159.81 MB
CDS: on
MetaspaceReclaimPolicy: balanced
 - commit_granule_bytes: 65536.
 - commit_granule_words: 8192.
 - virtual_space_node_default_size: 8388608.
 - enlarge_chunks_in_place: 1.
 - new_chunks_are_fully_committed: 0.
 - uncommit_free_chunks: 1.
 - use_allocation_guard: 0.
 - handle_deallocations: 1.


Internal statistics:

num_allocs_failed_limit: 9.
num_arena_births: 1236.
num_arena_deaths: 0.
num_vsnodes_births: 3.
num_vsnodes_deaths: 0.
num_space_committed: 1566.
num_space_uncommitted: 0.
num_chunks_returned_to_freelist: 9.
num_chunks_taken_from_freelist: 4723.
num_chunk_merges: 9.
num_chunk_splits: 3357.
num_chunks_enlarged: 2620.
num_inconsistent_stats: 0.

CodeCache: size=49152Kb used=23381Kb max_used=27378Kb free=25770Kb
 bounds [0x000002334ef60000, 0x0000023350a40000, 0x0000023351f60000]
 total_blobs=11615 nmethods=10835 adapters=706
 compilation: enabled
              stopped_count=0, restarted_count=0
 full_count=0

Compilation events (20 events):
Event: 380.561 Thread 0x000002335f007e50 10973       1       java.util.concurrent.atomic.AtomicLong::addAndGet (14 bytes)
Event: 380.561 Thread 0x000002335f007e50 nmethod 10973 0x0000023350110f10 code [0x00000233501110a0, 0x0000023350111178]
Event: 380.561 Thread 0x000002335f007e50 10970   !   1       org.postgresql.jdbc.TypeInfoCache::getSQLType (238 bytes)
Event: 380.570 Thread 0x000002335f007e50 nmethod 10970 0x000002335010e110 code [0x000002335010e4a0, 0x000002335010f458]
Event: 380.570 Thread 0x000002335f007e50 10971       1       org.postgresql.jdbc.TypeInfoCache::getScale (127 bytes)
Event: 380.570 Thread 0x000002335f007e50 nmethod 10971 0x000002335010da90 code [0x000002335010dc60, 0x000002335010df68]
Event: 380.570 Thread 0x000002335f007e50 10972       1       org.postgresql.jdbc.TypeInfoCache::getPrecision (258 bytes)
Event: 380.572 Thread 0x000002335f007e50 nmethod 10972 0x000002335010d090 code [0x000002335010d2a0, 0x000002335010d778]
Event: 382.341 Thread 0x000002335f007e50 10974       1       org.postgresql.core.Field::<init> (71 bytes)
Event: 383.732 Thread 0x000002335f007e50 nmethod 10974 0x000002335010c990 code [0x000002335010cb40, 0x000002335010ce48]
Event: 388.022 Thread 0x000002335f007e50 10975       1       java.util.Collections$UnmodifiableCollection::stream (10 bytes)
Event: 388.025 Thread 0x000002335f007e50 nmethod 10975 0x000002335010c610 code [0x000002335010c7a0, 0x000002335010c888]
Event: 399.940 Thread 0x000002335f007e50 10976       1       sun.management.LazyCompositeData::isTypeMatched (41 bytes)
Event: 399.941 Thread 0x000002335f007e50 nmethod 10976 0x000002335010c090 code [0x000002335010c240, 0x000002335010c3d8]
Event: 399.941 Thread 0x000002335f007e50 10977       1       com.sun.management.GarbageCollectionNotificationInfo::getGcInfo (5 bytes)
Event: 399.948 Thread 0x000002335f007e50 nmethod 10977 0x000002335010bd90 code [0x000002335010bf20, 0x000002335010bff8]
Event: 399.950 Thread 0x000002335f007e50 10978       1       java.util.stream.LongPipeline$StatelessOp::opIsStateful (2 bytes)
Event: 399.950 Thread 0x000002335f007e50 nmethod 10978 0x000002335010ba90 code [0x000002335010bc20, 0x000002335010bcf8]
Event: 400.036 Thread 0x000002335f007e50 10979       1       java.lang.Math::max (12 bytes)
Event: 400.036 Thread 0x000002335f007e50 nmethod 10979 0x000002335010b790 code [0x000002335010b920, 0x000002335010b9d8]

GC Heap History (20 events):
Event: 312.116 GC heap after
{Heap after GC invocations=43 (full 0):
 garbage-first heap   total 241664K, used 96893K [0x0000000709800000, 0x0000000800000000)
  region size 2048K, 6 young (12288K), 6 survivors (12288K)
 Metaspace       used 99436K, committed 100224K, reserved 1179648K
  class space    used 14143K, committed 14528K, reserved 1048576K
}
Event: 332.411 GC heap before
{Heap before GC invocations=43 (full 0):
 garbage-first heap   total 241664K, used 170621K [0x0000000709800000, 0x0000000800000000)
  region size 2048K, 42 young (86016K), 6 survivors (12288K)
 Metaspace       used 99443K, committed 100224K, reserved 1179648K
  class space    used 14144K, committed 14528K, reserved 1048576K
}
Event: 332.436 GC heap after
{Heap after GC invocations=44 (full 0):
 garbage-first heap   total 241664K, used 101661K [0x0000000709800000, 0x0000000800000000)
  region size 2048K, 6 young (12288K), 6 survivors (12288K)
 Metaspace       used 99443K, committed 100224K, reserved 1179648K
  class space    used 14144K, committed 14528K, reserved 1048576K
}
Event: 354.391 GC heap before
{Heap before GC invocations=44 (full 0):
 garbage-first heap   total 241664K, used 169245K [0x0000000709800000, 0x0000000800000000)
  region size 2048K, 39 young (79872K), 6 survivors (12288K)
 Metaspace       used 99443K, committed 100224K, reserved 1179648K
  class space    used 14144K, committed 14528K, reserved 1048576K
}
Event: 363.709 GC heap after
{Heap after GC invocations=45 (full 0):
 garbage-first heap   total 241664K, used 105510K [0x0000000709800000, 0x0000000800000000)
  region size 2048K, 5 young (10240K), 5 survivors (10240K)
 Metaspace       used 99443K, committed 100224K, reserved 1179648K
  class space    used 14144K, committed 14528K, reserved 1048576K
}
Event: 367.408 GC heap before
{Heap before GC invocations=45 (full 0):
 garbage-first heap   total 241664K, used 107558K [0x0000000709800000, 0x0000000800000000)
  region size 2048K, 6 young (12288K), 5 survivors (10240K)
 Metaspace       used 99443K, committed 100224K, reserved 1179648K
  class space    used 14144K, committed 14528K, reserved 1048576K
}
Event: 375.076 GC heap after
{Heap after GC invocations=46 (full 0):
 garbage-first heap   total 241664K, used 107801K [0x0000000709800000, 0x0000000800000000)
  region size 2048K, 1 young (2048K), 1 survivors (2048K)
 Metaspace       used 99443K, committed 100224K, reserved 1179648K
  class space    used 14144K, committed 14528K, reserved 1048576K
}
Event: 376.323 GC heap before
{Heap before GC invocations=46 (full 0):
 garbage-first heap   total 241664K, used 115993K [0x0000000709800000, 0x0000000800000000)
  region size 2048K, 5 young (10240K), 1 survivors (2048K)
 Metaspace       used 99443K, committed 100224K, reserved 1179648K
  class space    used 14144K, committed 14528K, reserved 1048576K
}
Event: 380.481 GC heap after
{Heap after GC invocations=47 (full 0):
 garbage-first heap   total 241664K, used 107729K [0x0000000709800000, 0x0000000800000000)
  region size 2048K, 1 young (2048K), 1 survivors (2048K)
 Metaspace       used 99443K, committed 100224K, reserved 1179648K
  class space    used 14144K, committed 14528K, reserved 1048576K
}
Event: 380.599 GC heap before
{Heap before GC invocations=47 (full 0):
 garbage-first heap   total 241664K, used 115921K [0x0000000709800000, 0x0000000800000000)
  region size 2048K, 5 young (10240K), 1 survivors (2048K)
 Metaspace       used 99443K, committed 100224K, reserved 1179648K
  class space    used 14144K, committed 14528K, reserved 1048576K
}
Event: 380.617 GC heap after
{Heap after GC invocations=48 (full 0):
 garbage-first heap   total 241664K, used 108840K [0x0000000709800000, 0x0000000800000000)
  region size 2048K, 1 young (2048K), 1 survivors (2048K)
 Metaspace       used 99443K, committed 100224K, reserved 1179648K
  class space    used 14144K, committed 14528K, reserved 1048576K
}
Event: 383.735 GC heap before
{Heap before GC invocations=48 (full 0):
 garbage-first heap   total 241664K, used 117032K [0x0000000709800000, 0x0000000800000000)
  region size 2048K, 5 young (10240K), 1 survivors (2048K)
 Metaspace       used 99443K, committed 100224K, reserved 1179648K
  class space    used 14144K, committed 14528K, reserved 1048576K
}
Event: 388.021 GC heap after
{Heap after GC invocations=49 (full 0):
 garbage-first heap   total 724992K, used 110342K [0x0000000709800000, 0x0000000800000000)
  region size 2048K, 1 young (2048K), 1 survivors (2048K)
 Metaspace       used 99443K, committed 100224K, reserved 1179648K
  class space    used 14144K, committed 14528K, reserved 1048576K
}
Event: 391.801 GC heap before
{Heap before GC invocations=49 (full 0):
 garbage-first heap   total 724992K, used 143110K [0x0000000709800000, 0x0000000800000000)
  region size 2048K, 17 young (34816K), 1 survivors (2048K)
 Metaspace       used 99443K, committed 100224K, reserved 1179648K
  class space    used 14144K, committed 14528K, reserved 1048576K
}
Event: 399.395 GC heap after
{Heap after GC invocations=50 (full 0):
 garbage-first heap   total 724992K, used 120762K [0x0000000709800000, 0x0000000800000000)
  region size 2048K, 3 young (6144K), 3 survivors (6144K)
 Metaspace       used 99443K, committed 100224K, reserved 1179648K
  class space    used 14144K, committed 14528K, reserved 1048576K
}
Event: 399.638 GC heap before
{Heap before GC invocations=50 (full 0):
 garbage-first heap   total 724992K, used 149434K [0x0000000709800000, 0x0000000800000000)
  region size 2048K, 17 young (34816K), 3 survivors (6144K)
 Metaspace       used 99443K, committed 100224K, reserved 1179648K
  class space    used 14144K, committed 14528K, reserved 1048576K
}
Event: 399.782 GC heap after
{Heap after GC invocations=51 (full 0):
 garbage-first heap   total 724992K, used 125553K [0x0000000709800000, 0x0000000800000000)
  region size 2048K, 3 young (6144K), 3 survivors (6144K)
 Metaspace       used 99443K, committed 100224K, reserved 1179648K
  class space    used 14144K, committed 14528K, reserved 1048576K
}
Event: 399.875 GC heap before
{Heap before GC invocations=51 (full 0):
 garbage-first heap   total 724992K, used 154225K [0x0000000709800000, 0x0000000800000000)
  region size 2048K, 17 young (34816K), 3 survivors (6144K)
 Metaspace       used 99443K, committed 100224K, reserved 1179648K
  class space    used 14144K, committed 14528K, reserved 1048576K
}
Event: 399.939 GC heap after
{Heap after GC invocations=52 (full 0):
 garbage-first heap   total 724992K, used 137458K [0x0000000709800000, 0x0000000800000000)
  region size 2048K, 3 young (6144K), 3 survivors (6144K)
 Metaspace       used 99443K, committed 100224K, reserved 1179648K
  class space    used 14144K, committed 14528K, reserved 1048576K
}
Event: 400.084 GC heap before
{Heap before GC invocations=52 (full 0):
 garbage-first heap   total 724992K, used 166130K [0x0000000709800000, 0x0000000800000000)
  region size 2048K, 17 young (34816K), 3 survivors (6144K)
 Metaspace       used 99443K, committed 100224K, reserved 1179648K
  class space    used 14144K, committed 14528K, reserved 1048576K
}

Deoptimization events (20 events):
Event: 201.492 Thread 0x000002336a7c1810 DEOPT PACKING pc=0x00000233502c9e5c sp=0x000000bb026fe6e0
Event: 201.492 Thread 0x000002336a7c1810 DEOPT UNPACKING pc=0x000002334efb2b43 sp=0x000000bb026fdb90 mode 1
Event: 201.492 Thread 0x000002336a7c1810 DEOPT PACKING pc=0x00000233502cae04 sp=0x000000bb026fe7a0
Event: 201.492 Thread 0x000002336a7c1810 DEOPT UNPACKING pc=0x000002334efb2b43 sp=0x000000bb026fdcb8 mode 1
Event: 201.492 Thread 0x000002336a7c1810 DEOPT PACKING pc=0x00000233502c59c4 sp=0x000000bb026fe900
Event: 201.492 Thread 0x000002336a7c1810 DEOPT UNPACKING pc=0x000002334efb2b43 sp=0x000000bb026fddf8 mode 1
Event: 201.492 Thread 0x000002336a7c1810 DEOPT PACKING pc=0x00000233502c63fc sp=0x000000bb026fe9a0
Event: 201.492 Thread 0x000002336a7c1810 DEOPT UNPACKING pc=0x000002334efb2b43 sp=0x000000bb026fde90 mode 1
Event: 201.492 Thread 0x000002336a7c1810 DEOPT PACKING pc=0x0000023350a0b8f4 sp=0x000000bb026fea90
Event: 201.492 Thread 0x000002336a7c1810 DEOPT UNPACKING pc=0x000002334efb2b43 sp=0x000000bb026fdf10 mode 1
Event: 201.492 Thread 0x000002336a7c1810 DEOPT PACKING pc=0x0000023350a0a98c sp=0x000000bb026feb20
Event: 201.492 Thread 0x000002336a7c1810 DEOPT UNPACKING pc=0x000002334efb2b43 sp=0x000000bb026fdfe8 mode 1
Event: 201.492 Thread 0x000002336a7c1810 DEOPT PACKING pc=0x00000233502bbf0c sp=0x000000bb026fec10
Event: 201.492 Thread 0x000002336a7c1810 DEOPT UNPACKING pc=0x000002334efb2b43 sp=0x000000bb026fe0b8 mode 1
Event: 201.492 Thread 0x000002336a7c1810 DEOPT PACKING pc=0x00000233502bc76c sp=0x000000bb026fec70
Event: 201.492 Thread 0x000002336a7c1810 DEOPT UNPACKING pc=0x000002334efb2b43 sp=0x000000bb026fe188 mode 1
Event: 201.492 Thread 0x000002336a7c1810 DEOPT PACKING pc=0x00000233502bd584 sp=0x000000bb026fed30
Event: 201.492 Thread 0x000002336a7c1810 DEOPT UNPACKING pc=0x000002334efb2b43 sp=0x000000bb026fe1c0 mode 1
Event: 201.492 Thread 0x000002336a7c1810 DEOPT PACKING pc=0x00000233502b06bc sp=0x000000bb026fede0
Event: 201.492 Thread 0x000002336a7c1810 DEOPT UNPACKING pc=0x000002334efb2b43 sp=0x000000bb026fe2a8 mode 1

Classes unloaded (0 events):
No events

Classes redefined (1 events):
Event: 0.509 Thread 0x000002335efcc4d0 redefined class name=java.lang.Throwable, count=1

Internal exceptions (20 events):
Event: 23.321 Thread 0x000002336a7cbf20 Exception <a 'java/lang/ClassNotFoundException'{0x000000070f7047f8}: jdk/jfr/internal/handlers/EventHandler21499_1779494736223-21640> (0x000000070f7047f8) 
thrown [s\open\src\hotspot\share\classfile\systemDictionary.cpp, line 256]
Event: 23.328 Thread 0x000002336a7cbf20 Exception <a 'java/lang/NoSuchMethodError'{0x000000070f72c300}: 'java.lang.Object java.lang.invoke.DirectMethodHandle$Holder.invokeSpecial(java.lang.Object, java.lang.Object, java.lang.Object, int, int)'> (0x000000070f72c300) 
thrown [s\open\src\hotspot\share\interpreter\linkResolver.cpp, line 759]
Event: 23.332 Thread 0x000002336a7cbf20 Exception <a 'java/lang/ClassNotFoundException'{0x000000070f73e978}: jdk/jfr/internal/handlers/EventHandler21510_1779494736223-21640> (0x000000070f73e978) 
thrown [s\open\src\hotspot\share\classfile\systemDictionary.cpp, line 256]
Event: 30.482 Thread 0x000002336a7cbf20 Exception <a 'java/lang/NoSuchMethodError'{0x000000070f0a1298}: 'void java.lang.invoke.Invokers$Holder.invokeExact_MT(java.lang.Object, java.lang.Object)'> (0x000000070f0a1298) 
thrown [s\open\src\hotspot\share\interpreter\linkResolver.cpp, line 759]
Event: 30.558 Thread 0x000002336a7cbf20 Exception <a 'java/lang/NoSuchMethodError'{0x000000070ec17a30}: 'void java.lang.invoke.Invokers$Holder.invokeExact_MT(java.lang.Object, java.lang.Object, java.lang.Object, java.lang.Object)'> (0x000000070ec17a30) 
thrown [s\open\src\hotspot\share\interpreter\linkResolver.cpp, line 759]
Event: 30.565 Thread 0x000002336a7cbf20 Exception <a 'java/lang/NoSuchMethodError'{0x000000070ec53780}: 'void java.lang.invoke.DirectMethodHandle$Holder.invokeVirtual(java.lang.Object, java.lang.Object, double)'> (0x000000070ec53780) 
thrown [s\open\src\hotspot\share\interpreter\linkResolver.cpp, line 759]
Event: 30.566 Thread 0x000002336a7cbf20 Exception <a 'java/lang/NoSuchMethodError'{0x000000070ec75350}: 'double java.lang.invoke.DelegatingMethodHandle$Holder.reinvoke_L(java.lang.Object, java.lang.Object, int)'> (0x000000070ec75350) 
thrown [s\open\src\hotspot\share\interpreter\linkResolver.cpp, line 759]
Event: 30.566 Thread 0x000002336a7cbf20 Exception <a 'java/lang/NoSuchMethodError'{0x000000070ec7f848}: 'void java.lang.invoke.DelegatingMethodHandle$Holder.reinvoke_L(java.lang.Object, java.lang.Object, double)'> (0x000000070ec7f848) 
thrown [s\open\src\hotspot\share\interpreter\linkResolver.cpp, line 759]
Event: 30.831 Thread 0x000002336b4b36b0 Exception <a 'java/lang/NoSuchMethodError'{0x000000070e059328}: 'java.lang.Object java.lang.invoke.DirectMethodHandle$Holder.newInvokeSpecial(java.lang.Object, java.lang.Object, java.lang.Object, long)'> (0x000000070e059328) 
thrown [s\open\src\hotspot\share\interpreter\linkResolver.cpp, line 759]
Event: 30.831 Thread 0x000002336b4b36b0 Exception <a 'java/lang/NoSuchMethodError'{0x000000070e05d418}: 'java.lang.Object java.lang.invoke.DirectMethodHandle$Holder.invokeSpecial(java.lang.Object, java.lang.Object, java.lang.Object, java.lang.Object, long)'> (0x000000070e05d418) 
thrown [s\open\src\hotspot\share\interpreter\linkResolver.cpp, line 759]
Event: 30.832 Thread 0x000002336b4b36b0 Exception <a 'java/lang/NoSuchMethodError'{0x000000070e060e60}: 'java.lang.Object java.lang.invoke.Invokers$Holder.linkToTargetMethod(java.lang.Object, java.lang.Object, long, java.lang.Object)'> (0x000000070e060e60) 
thrown [s\open\src\hotspot\share\interpreter\linkResolver.cpp, line 759]
Event: 38.170 Thread 0x000002336b4b36b0 Exception <a 'java/lang/IncompatibleClassChangeError'{0x000000070f30a518}: Found class java.lang.Object, but interface was expected> (0x000000070f30a518) 
thrown [s\open\src\hotspot\share\interpreter\linkResolver.cpp, line 826]
Event: 38.230 Thread 0x000002336b4b36b0 Exception <a 'java/lang/NoSuchMethodError'{0x000000070f0a59a0}: 'int java.lang.invoke.DirectMethodHandle$Holder.invokeStatic(java.lang.Object, java.lang.Object, int, int)'> (0x000000070f0a59a0) 
thrown [s\open\src\hotspot\share\interpreter\linkResolver.cpp, line 759]
Event: 82.016 Thread 0x000002336b4b36b0 Exception <a 'java/lang/IncompatibleClassChangeError'{0x00000007123c66f8}: Found class java.lang.Object, but interface was expected> (0x00000007123c66f8) 
thrown [s\open\src\hotspot\share\interpreter\linkResolver.cpp, line 826]
Event: 152.553 Thread 0x000002336b4b9bf0 Exception <a 'java/io/IOException'{0x00000007122c4978}> (0x00000007122c4978) 
thrown [s\open\src\hotspot\share\prims\jni.cpp, line 516]
Event: 152.563 Thread 0x000002336a7c7840 Exception <a 'java/lang/reflect/InvocationTargetException'{0x00000007122e99b8}> (0x00000007122e99b8) 
thrown [s\open\src\hotspot\share\runtime\reflection.cpp, line 1121]
Event: 152.571 Thread 0x000002336a7c7840 Exception <a 'java/io/IOException'{0x00000007123108e8}> (0x00000007123108e8) 
thrown [s\open\src\hotspot\share\prims\jni.cpp, line 516]
Event: 201.489 Thread 0x000002336a7caae0 Exception <a 'java/io/IOException'{0x000000071321f538}> (0x000000071321f538) 
thrown [s\open\src\hotspot\share\prims\jni.cpp, line 516]
Event: 201.491 Thread 0x000002336a7c1810 Exception <a 'java/lang/reflect/InvocationTargetException'{0x0000000713243170}> (0x0000000713243170) 
thrown [s\open\src\hotspot\share\runtime\reflection.cpp, line 1121]
Event: 201.492 Thread 0x000002336a7c1810 Exception <a 'java/io/IOException'{0x00000007132462e8}> (0x00000007132462e8) 
thrown [s\open\src\hotspot\share\prims\jni.cpp, line 516]

VM Operations (20 events):
Event: 336.464 Executing VM operation: Cleanup done
Event: 354.329 Executing VM operation: G1CollectForAllocation
Event: 363.710 Executing VM operation: G1CollectForAllocation done
Event: 363.710 Executing VM operation: HandshakeAllThreads
Event: 366.595 Executing VM operation: HandshakeAllThreads done
Event: 366.595 Executing VM operation: G1CollectForAllocation
Event: 375.076 Executing VM operation: G1CollectForAllocation done
Event: 375.123 Executing VM operation: G1CollectForAllocation
Event: 380.485 Executing VM operation: G1CollectForAllocation done
Event: 380.598 Executing VM operation: G1CollectForAllocation
Event: 380.617 Executing VM operation: G1CollectForAllocation done
Event: 383.349 Executing VM operation: G1CollectForAllocation
Event: 388.021 Executing VM operation: G1CollectForAllocation done
Event: 391.801 Executing VM operation: G1CollectForAllocation
Event: 399.396 Executing VM operation: G1CollectForAllocation done
Event: 399.638 Executing VM operation: G1CollectForAllocation
Event: 399.782 Executing VM operation: G1CollectForAllocation done
Event: 399.852 Executing VM operation: G1CollectForAllocation
Event: 399.939 Executing VM operation: G1CollectForAllocation done
Event: 400.078 Executing VM operation: G1CollectForAllocation

Events (20 events):
Event: 293.267 Thread 0x000002336b4b36b0 Thread exited: 0x000002336b4b36b0
Event: 297.915 Thread 0x000002336b71d940 Thread exited: 0x000002336b71d940
Event: 312.127 Thread 0x000002336b4b36b0 Thread added: 0x000002336b4b36b0
Event: 312.571 Thread 0x000002336b4b82a0 Thread exited: 0x000002336b4b82a0
Event: 332.144 Thread 0x000002336b4b4af0 Thread exited: 0x000002336b4b4af0
Event: 332.477 Thread 0x000002336b4b82a0 Thread added: 0x000002336b4b82a0
Event: 336.184 Thread 0x000002336b71d940 Thread added: 0x000002336b71d940
Event: 336.188 Thread 0x000002336b71b410 Thread added: 0x000002336b71b410
Event: 336.189 Thread 0x000002336b71f920 Thread added: 0x000002336b71f920
Event: 336.189 Thread 0x000002336b71c400 Thread added: 0x000002336b71c400
Event: 341.215 Thread 0x000002336b71c400 Thread exited: 0x000002336b71c400
Event: 342.206 Thread 0x000002336b71f920 Thread exited: 0x000002336b71f920
Event: 347.207 Thread 0x000002336b71b410 Thread exited: 0x000002336b71b410
Event: 347.207 Thread 0x000002336b71d940 Thread exited: 0x000002336b71d940
Event: 353.296 Thread 0x000002336b4b9bf0 Thread exited: 0x000002336b4b9bf0
Event: 380.481 Thread 0x000002336b4b36b0 Thread exited: 0x000002336b4b36b0
Event: 380.486 Thread 0x000002336b4b36b0 Thread added: 0x000002336b4b36b0
Event: 380.586 Thread 0x000002336b4b9bf0 Thread added: 0x000002336b4b9bf0
Event: 399.408 Thread 0x000002336b4b82a0 Thread exited: 0x000002336b4b82a0
Event: 400.033 Thread 0x000002336b4b82a0 Thread added: 0x000002336b4b82a0


Dynamic libraries:
0x00007ff774e60000 - 0x00007ff774e70000 	C:\Java\jdk-17.0.12\bin\java.exe
0x00007ffc88780000 - 0x00007ffc889e6000 	C:\WINDOWS\SYSTEM32\ntdll.dll
0x00007ffc87450000 - 0x00007ffc87519000 	C:\WINDOWS\System32\KERNEL32.DLL
0x00007ffc85ad0000 - 0x00007ffc85ecb000 	C:\WINDOWS\System32\KERNELBASE.dll
0x00007ffc860b0000 - 0x00007ffc861fc000 	C:\WINDOWS\System32\ucrtbase.dll
0x00007ffc80360000 - 0x00007ffc80379000 	C:\Java\jdk-17.0.12\bin\jli.dll
0x00007ffc7ab80000 - 0x00007ffc7ab9b000 	C:\Java\jdk-17.0.12\bin\VCRUNTIME140.dll
0x00007ffc87ec0000 - 0x00007ffc87f76000 	C:\WINDOWS\System32\ADVAPI32.dll
0x00007ffc87090000 - 0x00007ffc87139000 	C:\WINDOWS\System32\msvcrt.dll
0x00007ffc873a0000 - 0x00007ffc8744a000 	C:\WINDOWS\System32\sechost.dll
0x00007ffc87cb0000 - 0x00007ffc87dc8000 	C:\WINDOWS\System32\RPCRT4.dll
0x00007ffc87ae0000 - 0x00007ffc87ca7000 	C:\WINDOWS\System32\USER32.dll
0x00007ffc86200000 - 0x00007ffc86227000 	C:\WINDOWS\System32\win32u.dll
0x00007ffc71670000 - 0x00007ffc71902000 	C:\WINDOWS\WinSxS\amd64_microsoft.windows.common-controls_6595b64144ccf1df_6.0.26100.8474_none_3e0d749ae32fcef8\COMCTL32.dll
0x00007ffc86ee0000 - 0x00007ffc86f0b000 	C:\WINDOWS\System32\GDI32.dll
0x00007ffc85ed0000 - 0x00007ffc85ffb000 	C:\WINDOWS\System32\gdi32full.dll
0x00007ffc86000000 - 0x00007ffc860a3000 	C:\WINDOWS\System32\msvcp_win.dll
0x00007ffc7e550000 - 0x00007ffc7e55b000 	C:\WINDOWS\SYSTEM32\VERSION.dll
0x00007ffc86cc0000 - 0x00007ffc86cf2000 	C:\WINDOWS\System32\IMM32.DLL
0x00007ffc82d50000 - 0x00007ffc82d5c000 	C:\Java\jdk-17.0.12\bin\vcruntime140_1.dll
0x00007ffc6e490000 - 0x00007ffc6e51e000 	C:\Java\jdk-17.0.12\bin\msvcp140.dll
0x00007ffbf1260000 - 0x00007ffbf1e40000 	C:\Java\jdk-17.0.12\bin\server\jvm.dll
0x00007ffc865d0000 - 0x00007ffc865d8000 	C:\WINDOWS\System32\PSAPI.DLL
0x00007ffc820e0000 - 0x00007ffc820ea000 	C:\WINDOWS\SYSTEM32\WSOCK32.dll
0x00007ffc7e4d0000 - 0x00007ffc7e506000 	C:\WINDOWS\SYSTEM32\WINMM.dll
0x00007ffc86540000 - 0x00007ffc865c0000 	C:\WINDOWS\System32\WS2_32.dll
0x00007ffc84790000 - 0x00007ffc847ab000 	C:\WINDOWS\SYSTEM32\kernel.appcore.dll
0x00007ffc82d00000 - 0x00007ffc82d0a000 	C:\Java\jdk-17.0.12\bin\jimage.dll
0x00007ffc82de0000 - 0x00007ffc83022000 	C:\WINDOWS\SYSTEM32\DBGHELP.DLL
0x00007ffc876d0000 - 0x00007ffc87a53000 	C:\WINDOWS\System32\combase.dll
0x00007ffc872c0000 - 0x00007ffc87399000 	C:\WINDOWS\System32\OLEAUT32.dll
0x00007ffc6eba0000 - 0x00007ffc6ebdb000 	C:\WINDOWS\SYSTEM32\dbgcore.DLL
0x00007ffc86230000 - 0x00007ffc862d8000 	C:\WINDOWS\System32\bcryptPrimitives.dll
0x00007ffc6e450000 - 0x00007ffc6e48b000 	C:\Java\jdk-17.0.12\bin\jdwp.dll
0x00007ffc82cb0000 - 0x00007ffc82cbe000 	C:\Java\jdk-17.0.12\bin\instrument.dll
0x00007ffc7a940000 - 0x00007ffc7a965000 	C:\Java\jdk-17.0.12\bin\java.dll
0x00007ffc12650000 - 0x00007ffc12889000 	C:\Users\souha\AppData\Local\Temp\idea_libasyncProfiler_dll_temp_folder\libasyncProfiler.dll
0x00007ffc7a8b0000 - 0x00007ffc7a8c8000 	C:\Java\jdk-17.0.12\bin\zip.dll
0x00007ffc691e0000 - 0x00007ffc692b7000 	C:\Java\jdk-17.0.12\bin\jsvml.dll
0x00007ffc87f80000 - 0x00007ffc88706000 	C:\WINDOWS\System32\SHELL32.dll
0x00007ffc835a0000 - 0x00007ffc83e20000 	C:\WINDOWS\SYSTEM32\windows.storage.dll
0x00007ffc86f90000 - 0x00007ffc87089000 	C:\WINDOWS\System32\SHCORE.dll
0x00007ffc86f20000 - 0x00007ffc86f87000 	C:\WINDOWS\System32\shlwapi.dll
0x00007ffc85930000 - 0x00007ffc85959000 	C:\WINDOWS\SYSTEM32\profapi.dll
0x00007ffc820b0000 - 0x00007ffc820bc000 	C:\Java\jdk-17.0.12\bin\dt_socket.dll
0x00007ffc84210000 - 0x00007ffc84243000 	C:\WINDOWS\SYSTEM32\IPHLPAPI.DLL
0x00007ffc84d00000 - 0x00007ffc84d6c000 	C:\WINDOWS\system32\mswsock.dll
0x00007ffc7aaa0000 - 0x00007ffc7aab9000 	C:\Java\jdk-17.0.12\bin\net.dll
0x00007ffc7bea0000 - 0x00007ffc7bfc9000 	C:\WINDOWS\SYSTEM32\WINHTTP.dll
0x00007ffc7a990000 - 0x00007ffc7a9a6000 	C:\Java\jdk-17.0.12\bin\nio.dll
0x00007ffc84250000 - 0x00007ffc8439a000 	C:\WINDOWS\SYSTEM32\DNSAPI.dll
0x00007ffc84b20000 - 0x00007ffc84b2d000 	C:\WINDOWS\SYSTEM32\DSPARSE.dll
0x00007ffc865e0000 - 0x00007ffc865ea000 	C:\WINDOWS\System32\NSI.dll
0x00007ffc7e4a0000 - 0x00007ffc7e4ab000 	C:\Windows\System32\rasadhlp.dll
0x00007ffc7fd40000 - 0x00007ffc7fdc6000 	C:\WINDOWS\System32\fwpuclnt.dll
0x00007ffc7aaf0000 - 0x00007ffc7aafa000 	C:\Java\jdk-17.0.12\bin\management.dll
0x00007ffc7a8a0000 - 0x00007ffc7a8ab000 	C:\Java\jdk-17.0.12\bin\management_ext.dll
0x00007ffc84fe0000 - 0x00007ffc84ffb000 	C:\WINDOWS\SYSTEM32\CRYPTSP.dll
0x00007ffc846f0000 - 0x00007ffc84729000 	C:\WINDOWS\system32\rsaenh.dll
0x00007ffc84db0000 - 0x00007ffc84de3000 	C:\WINDOWS\SYSTEM32\USERENV.dll
0x00007ffc85900000 - 0x00007ffc8592a000 	C:\WINDOWS\SYSTEM32\bcrypt.dll
0x00007ffc85000000 - 0x00007ffc8500c000 	C:\WINDOWS\SYSTEM32\CRYPTBASE.dll
0x00007ffc7f1a0000 - 0x00007ffc7f1bd000 	C:\WINDOWS\SYSTEM32\dhcpcsvc6.DLL
0x00007ffc7f170000 - 0x00007ffc7f195000 	C:\WINDOWS\SYSTEM32\dhcpcsvc.DLL
0x00007ffc64220000 - 0x00007ffc64238000 	C:\WINDOWS\system32\napinsp.dll
0x00007ffc641d0000 - 0x00007ffc641e3000 	C:\WINDOWS\System32\winrnr.dll
0x00007ffc63f80000 - 0x00007ffc63fa2000 	C:\WINDOWS\system32\nlansp_c.dll
0x00007ffc644f0000 - 0x00007ffc64506000 	C:\WINDOWS\system32\wshbth.dll
0x00007ffc82190000 - 0x00007ffc8219e000 	C:\Java\jdk-17.0.12\bin\sunmscapi.dll
0x00007ffc86370000 - 0x00007ffc864e8000 	C:\WINDOWS\System32\CRYPT32.dll
0x00007ffc85200000 - 0x00007ffc85230000 	C:\WINDOWS\SYSTEM32\ncrypt.dll
0x00007ffc851b0000 - 0x00007ffc851ef000 	C:\WINDOWS\SYSTEM32\NTASN1.dll
0x00007ffc40620000 - 0x00007ffc40628000 	C:\WINDOWS\system32\wshunix.dll

dbghelp: loaded successfully - version: 4.0.5 - missing functions: none
symbol engine: initialized successfully - sym options: 0x614 - pdb path: .;C:\Java\jdk-17.0.12\bin;C:\WINDOWS\SYSTEM32;C:\WINDOWS\WinSxS\amd64_microsoft.windows.common-controls_6595b64144ccf1df_6.0.26100.8474_none_3e0d749ae32fcef8;C:\Java\jdk-17.0.12\bin\server;C:\Users\souha\AppData\Local\Temp\idea_libasyncProfiler_dll_temp_folder

VM Arguments:
jvm_args: -agentlib:jdwp=transport=dt_socket,address=127.0.0.1:52867,suspend=y,server=n -javaagent:C:\Users\souha\AppData\Local\JetBrains\IntelliJIdea2026.1\captureAgent\debugger-agent.jar=file:///C:/Users/souha/AppData/Local/Temp/capture7818736765974691793.props -agentpath:C:\Users\souha\AppData\Local\Temp\idea_libasyncProfiler_dll_temp_folder\libasyncProfiler.dll=version,jfr,event=wall,interval=10ms,cstack=no,file=C:\Users\souha\IdeaSnapshots\RadioManagementApplication_2026_05_23_010512.jfr,dbghelppath=C:\Users\souha\AppData\Local\Temp\idea_dbghelp_dll_temp_folder\dbghelp.dll,log=C:\Users\souha\AppData\Local\Temp\RadioManagementApplication_2026_05_23_010512.jfr.log.txt,logLevel=DEBUG -XX:TieredStopAtLevel=1 -Dspring.output.ansi.enabled=always -Dcom.sun.management.jmxremote -Dspring.jmx.enabled=true -Dspring.liveBeansView.mbeanDomain -Dspring.application.admin.enabled=true -Dmanagement.endpoints.jmx.exposure.include=* -Dkotlinx.coroutines.debug.enable.creation.stack.trace=false -Ddebugger.agent.enable.coroutines=true -Dkotlinx.coroutines.debug.enable.flows.stack.trace=true -Dkotlinx.coroutines.debug.enable.mutable.state.flows.stack.trace=true -Ddebugger.async.stack.trace.for.all.threads=true -Dfile.encoding=UTF-8 
java_command: com.geolocation.radiomanagement.RadioManagementApplication
java_class_path (initial): C:\Users\souha\OneDrive\Desktop\1MPIM\2Sem\Geolocation System\Backend\RadioManagement\target\classes;C:\Users\souha\.m2\repository\org\springframework\boot\spring-boot-starter-webmvc\4.0.5\spring-boot-starter-webmvc-4.0.5.jar;C:\Users\souha\.m2\repository\org\springframework\boot\spring-boot-starter\4.0.5\spring-boot-starter-4.0.5.jar;C:\Users\souha\.m2\repository\org\springframework\boot\spring-boot-starter-logging\4.0.5\spring-boot-starter-logging-4.0.5.jar;C:\Users\souha\.m2\repository\ch\qos\logback\logback-classic\1.5.32\logback-classic-1.5.32.jar;C:\Users\souha\.m2\repository\ch\qos\logback\logback-core\1.5.32\logback-core-1.5.32.jar;C:\Users\souha\.m2\repository\org\apache\logging\log4j\log4j-to-slf4j\2.25.3\log4j-to-slf4j-2.25.3.jar;C:\Users\souha\.m2\repository\org\apache\logging\log4j\log4j-api\2.25.3\log4j-api-2.25.3.jar;C:\Users\souha\.m2\repository\org\slf4j\jul-to-slf4j\2.0.17\jul-to-slf4j-2.0.17.jar;C:\Users\souha\.m2\repository\jakarta\annotation\jakarta.annotation-api\3.0.0\jakarta.annotation-api-3.0.0.jar;C:\Users\souha\.m2\repository\org\yaml\snakeyaml\2.5\snakeyaml-2.5.jar;C:\Users\souha\.m2\repository\org\springframework\boot\spring-boot-starter-jackson\4.0.5\spring-boot-starter-jackson-4.0.5.jar;C:\Users\souha\.m2\repository\org\springframework\boot\spring-boot-jackson\4.0.5\spring-boot-jackson-4.0.5.jar;C:\Users\souha\.m2\repository\tools\jackson\core\jackson-databind\3.1.0\jackson-databind-3.1.0.jar;C:\Users\souha\.m2\repository\com\fasterxml\jackson\core\jackson-annotations\2.21\jackson-annotations-2.21.jar;C:\Users\souha\.m2\repository\tools\jackson\core\jackson-core\3.1.0\jackson-core-3.1.0.jar;C:\Users\souha\.m2\repository\org\springframework\boot\spring-boot-starter-tomcat\4.0.5\spring-boot-starter-tomcat-4.0.5.jar;C:\Users\souha\.m2\repository\org\springframework\boot\spring-boot-starter-tomcat-runtime\4.0.5\spring-boot-starter-tomcat-runtime-4.0.5.jar;C:\Users\souha\.m2\repository\org\apache\tomcat\embed\to
Launcher Type: SUN_STANDARD

[Global flags]
     intx CICompilerCount                          = 12                                        {product} {ergonomic}
     uint ConcGCThreads                            = 3                                         {product} {ergonomic}
     uint G1ConcRefinementThreads                  = 13                                        {product} {ergonomic}
   size_t G1HeapRegionSize                         = 2097152                                   {product} {ergonomic}
    uintx GCDrainStackTargetSize                   = 64                                        {product} {ergonomic}
   size_t InitialHeapSize                          = 260046848                                 {product} {ergonomic}
     bool ManagementServer                         = true                                      {product} {command line}
   size_t MarkStackSize                            = 4194304                                   {product} {ergonomic}
   size_t MaxHeapSize                              = 4135583744                                {product} {ergonomic}
   size_t MaxNewSize                               = 2480930816                                {product} {ergonomic}
   size_t MinHeapDeltaBytes                        = 2097152                                   {product} {ergonomic}
   size_t MinHeapSize                              = 8388608                                   {product} {ergonomic}
    uintx NonProfiledCodeHeapSize                  = 0                                      {pd product} {ergonomic}
     bool ProfileInterpreter                       = false                                  {pd product} {command line}
    uintx ProfiledCodeHeapSize                     = 0                                      {pd product} {ergonomic}
   size_t SoftMaxHeapSize                          = 4135583744                             {manageable} {ergonomic}
     intx TieredStopAtLevel                        = 1                                         {product} {command line}
     bool UseCompressedClassPointers               = true                           {product lp64_product} {ergonomic}
     bool UseCompressedOops                        = true                           {product lp64_product} {ergonomic}
     bool UseG1GC                                  = true                                      {product} {ergonomic}
     bool UseLargePagesIndividualAllocation        = false                                  {pd product} {ergonomic}

Logging:
Log output configuration:
 #0: stdout all=warning uptime,level,tags
 #1: stderr all=off uptime,level,tags

Environment Variables:
JAVA_HOME=C:\Java\jdk-17.0.12
PATH=C:\Program Files\Microsoft SDKs\Azure\CLI2\wbin;C:\Python312\Scripts\;C:\Python312\;C:\oraclexe\app\oracle\product\11.2.0\server\bin;C:\Program Files (x86)\Common Files\Intel\Shared Libraries\redist\intel64\compiler;C:\Windows\system32;C:\Windows;C:\Windows\System32\Wbem;C:\Windows\System32\WindowsPowerShell\v1.0\;C:\Windows\System32\OpenSSH\;C:\Program Files\Microsoft SQL Server\Client SDK\ODBC\110\Tools\Binn\;C:\Program Files (x86)\Microsoft SQL Server\120\Tools\Binn\;C:\Program Files\Microsoft SQL Server\120\Tools\Binn\;C:\Program Files\Microsoft SQL Server\120\DTS\Binn\;C:\Program Files (x86)\Microsoft SQL Server\120\Tools\Binn\ManagementStudio\;C:\Program Files (x86)\Microsoft SQL Server\120\DTS\Binn\;C:\ProgramData\chocolatey\bin;C:\Users\souha\AppData\Roaming\npm;C:\Program Files (x86)\php-8.3.7;C:\Users\souha\AppData\Roaming\nvm;C:\Program Files\nodejs;C:\Users\souha\fvm\default\bin;C:\Program Files\MongoDB\Server\7.0\bin;C:\Program Files\Git\cmd;C:\Program Files (x86)\PowerShell\7\;C:\Program Files\dotnet\;C:\Program Files\Microsoft SQL Server\150\Tools\Binn\;C:\Program Files\Microsoft SQL Server\Client SDK\ODBC\170\Tools\Binn\;C:\WINDOWS\system32;C:\WINDOWS;C:\WINDOWS\System32\Wbem;C:\WINDOWS\System32\WindowsPowerShell\v1.0\;C:\WINDOWS\System32\OpenSSH\;c:\Users\souha\AppData\Local\Programs\cursor\resources\app\bin;C:\Program Files\Tesseract-OCR;C:\Program Files (x86)\Windows Kits\10\Windows Performance Toolkit\;C:\Program Files\nodejs\;C:\WINDOWS\system32;C:\WINDOWS;C:\WINDOWS\System32\Wbem;C:\WINDOWS\System32\WindowsPowerShell\v1.0\;C:\WINDOWS\System32\OpenSSH\;C:\Program Files\Docker\Docker\resources\bin;C:\Program Files\Cloudflare\Cloudflare WARP\;C:\Users\souha\.local\bin;C:\Users\souha\AppData\Local\Microsoft\WindowsApps;C:\Users\souha\AppData\Local\Programs\Microsoft VS Code\bin;C:\Program Files\JetBrains\PyCharm 2024.1\bin;;C:\Users\souha\fvm\default\bin;C:\tools\dart-sdk\bin;C:\Users\souha\AppData\Local\Pub\Cache\bin;C:\flutter\bin\cache\dart-sd
USERNAME=souha
OS=Windows_NT
PROCESSOR_IDENTIFIER=AMD64 Family 25 Model 80 Stepping 0, AuthenticAMD



---------------  S Y S T E M  ---------------

OS:
 Windows 11 , 64 bit Build 26100 (10.0.26100.8474)
OS uptime: 2 days 9:21 hours
Hyper-V role detected

CPU: total 16 (initial active 16) (16 cores per cpu, 2 threads per core) family 25 model 80 stepping 0 microcode 0xa500011, cx8, cmov, fxsr, ht, mmx, 3dnowpref, sse, sse2, sse3, ssse3, sse4a, sse4.1, sse4.2, popcnt, lzcnt, tsc, tscinvbit, avx, avx2, aes, erms, clmul, bmi1, bmi2, adx, sha, fma, vzeroupper, clflush, clflushopt, hv

Memory: 4k page, system-wide physical 15773M (1255M free)
TotalPageFile size 31774M (AvailPageFile size 7M)
current process WorkingSet (physical memory assigned to process): 224M, peak: 539M
current process commit charge ("private bytes"): 1097M, peak: 2393M

vm_info: Java HotSpot(TM) 64-Bit Server VM (17.0.12+8-LTS-286) for windows-amd64 JRE (17.0.12+8-LTS-286), built on Jun  5 2024 06:46:59 by "mach5one" with MS VC++ 17.6 (VS2022)

END.
